region_id,n_prompts,mean_cos_sim,min_cos_sim,max_cos_sim,std_cos_sim,diversity_1_minus_mean
s0736__1,5,0.29530319571495056,-0.036270275712013245,0.8394694924354553,0.31574714183807373,0.7046968042850494
s0571__3,5,0.2347724437713623,0.0003178995684720576,0.5235807299613953,0.18962138891220093,0.7652275562286377
s0571__4,5,0.10992137342691422,-0.011411701329052448,0.6457211971282959,0.18606245517730713,0.8900786265730858
s0571__5,5,0.07577246427536011,-0.03571803867816925,0.6335259079933167,0.18922731280326843,0.9242275357246399
s0571__7,5,0.10511261224746704,-0.01506840717047453,0.3114051818847656,0.1111413985490799,0.894887387752533
s0108__1,5,0.10927899926900864,-0.01909046806395054,0.7412108778953552,0.215829536318779,0.8907210007309914
s0375__1,5,0.12964054942131042,-0.00761171942576766,0.21271707117557526,0.06968983262777328,0.8703594505786896
s0375__2,5,0.40261635184288025,0.007768779527395964,0.6386599540710449,0.2640424966812134,0.5973836481571198
s0375__3,5,0.17063283920288086,-0.007449818775057793,0.923126220703125,0.2691449820995331,0.8293671607971191
s0375__4,5,0.06810048967599869,-0.032529566437006,0.14658527076244354,0.061866387724876404,0.9318995103240013
s0375__5,5,0.1535721719264984,-0.027675950899720192,0.7226492762565613,0.2127198874950409,0.8464278280735016
s0046__2,5,0.1348128467798233,-0.015030112117528915,0.4141644239425659,0.12275570631027222,0.8651871532201767
s0046__3,5,0.07517693936824799,0.003651765175163746,0.24294203519821167,0.071565642952919,0.924823060631752
s0046__5,5,0.11964980512857437,0.010518151335418224,0.4848465621471405,0.13115349411964417,0.8803501948714256
s0046__6,5,0.2854430079460144,-0.036071229726076126,0.8842996954917908,0.34661662578582764,0.7145569920539856
s0046__8,5,0.4161492884159088,0.13791616261005402,0.8240715861320496,0.18837209045886993,0.5838507115840912
s0931__1,5,0.1943458765745163,0.0006578941829502583,0.6121134161949158,0.18069137632846832,0.8056541234254837
s0931__4,5,0.24782578647136688,-0.01783689856529236,0.6762325763702393,0.217473566532135,0.7521742135286331
s0931__5,5,0.09335651993751526,-0.023257257416844368,0.4408371150493622,0.1276872307062149,0.9066434800624847
s0931__6,5,0.1563732922077179,-0.023998795077204704,0.6274123191833496,0.2271987497806549,0.8436267077922821
s0931__7,5,0.2041548788547516,0.050975773483514786,0.5793650150299072,0.1402798891067505,0.7958451211452484
s0128__1,5,0.15236453711986542,0.037427593022584915,0.3426925837993622,0.11048659682273865,0.8476354628801346
s0128__2,5,0.15385887026786804,-0.06686356663703918,0.6982823610305786,0.2199200540781021,0.846141129732132
s0436__1,5,0.17471854388713837,0.0010171629255637527,0.5896297693252563,0.18143530189990997,0.8252814561128616
s0436__2,5,0.18923595547676086,0.028707975521683693,0.7209413647651672,0.2094762623310089,0.8107640445232391
s0436__4,5,0.2645972967147827,0.0736246183514595,0.7458682656288147,0.18396812677383423,0.7354027032852173
s0029__3,5,0.10128520429134369,0.008480687625706196,0.30387505888938904,0.09216587245464325,0.8987147957086563
s0029__4,5,0.30979791283607483,-0.035622287541627884,0.7246119379997253,0.2343662828207016,0.6902020871639252
s0029__5,5,0.30121004581451416,0.04712655767798424,0.5917251110076904,0.1616870015859604,0.6987899541854858
s0561__5,5,0.5722203254699707,0.21657440066337585,0.7733991146087646,0.2132587730884552,0.4277796745300293
s0561__6,5,0.09293162077665329,-0.016472673043608665,0.25416576862335205,0.09182146936655045,0.9070683792233467
s0561__7,5,0.07177186757326126,-0.14547313749790192,0.6643523573875427,0.22913198173046112,0.9282281324267387
s0561__8,5,0.11911791563034058,0.018409188836812973,0.28845131397247314,0.0825839564204216,0.8808820843696594
s0561__9,5,0.35563117265701294,0.19412030279636383,0.6262326836585999,0.11994132399559021,0.6443688273429871
s0561__11,5,0.3070487678050995,0.03134423866868019,0.6741430759429932,0.220065638422966,0.6929512321949005
s0561__12,5,0.36016154289245605,0.12041580677032471,0.8961251974105835,0.28721722960472107,0.639838457107544
s1077__2,5,0.11456044018268585,-0.019245555624365807,0.7821192145347595,0.23519214987754822,0.8854395598173141
s1077__3,5,0.19951453804969788,-0.07507400214672089,0.5708945989608765,0.2212914377450943,0.8004854619503021
s1077__4,5,0.24125346541404724,0.032151445746421814,0.7430794835090637,0.24349379539489746,0.7587465345859528
s1077__6,5,0.21903841197490692,-0.002135797869414091,0.7304715514183044,0.22375719249248505,0.7809615880250931
s0369__1,5,0.2569510340690613,-0.011209825985133648,0.7549123167991638,0.25637081265449524,0.7430489659309387
s0369__2,5,0.4347652792930603,-0.029904348775744438,0.8830007314682007,0.34133368730545044,0.5652347207069397
s0369__3,5,0.4185725748538971,-0.09193593263626099,0.8576857447624207,0.3896588087081909,0.5814274251461029
s0369__4,5,0.09065421670675278,-0.10219072550535202,0.27887094020843506,0.12542976438999176,0.9093457832932472
s0369__5,5,0.3274283707141876,0.09502310305833817,0.6084545850753784,0.16313305497169495,0.6725716292858124
s0369__6,5,0.35590022802352905,0.1837170571088791,0.522776186466217,0.12198500335216522,0.644099771976471
s0133__1,5,0.21869692206382751,0.04970965534448624,0.5751223564147949,0.15295782685279846,0.7813030779361725
s1004__1,5,0.23509040474891663,-0.0018742743413895369,0.5893329381942749,0.2124619483947754,0.7649095952510834
s1004__2,5,0.21033158898353577,-0.0505121648311615,0.743893563747406,0.3049185872077942,0.7896684110164642
s1004__3,5,0.053004343062639236,-0.03867160528898239,0.19259028136730194,0.07532583177089691,0.9469956569373608
s1004__4,5,0.21376073360443115,0.010347453877329826,0.8940104842185974,0.2472486048936844,0.7862392663955688
s0376__1,5,0.20305752754211426,0.06280700117349625,0.5591534972190857,0.1389218419790268,0.7969424724578857
s0376__2,5,0.20298965275287628,-0.015386606566607952,0.7906179428100586,0.2631707787513733,0.7970103472471237
s0376__3,5,0.13481926918029785,-0.001665531424805522,0.5480158925056458,0.15820693969726562,0.8651807308197021
s0376__4,5,0.1496812254190445,-0.009444220922887325,0.6043054461479187,0.2009141445159912,0.8503187745809555
s0376__5,5,0.08273138105869293,-0.033400703221559525,0.5083428025245667,0.15103214979171753,0.9172686189413071
s0376__6,5,0.22047173976898193,-0.019402358680963516,0.5416135787963867,0.20342792570590973,0.7795282602310181
s0376__8,5,0.13584773242473602,-0.004355035722255707,0.8543431162834167,0.24248623847961426,0.864152267575264
s0089__1,5,0.08994414657354355,-0.06124279275536537,0.6775791049003601,0.20004206895828247,0.9100558534264565
s0429__1,5,0.3264370560646057,0.19029392302036285,0.4423670172691345,0.09050574898719788,0.6735629439353943
s1369__2,5,0.03078051470220089,-0.03104286827147007,0.1283191293478012,0.05178636312484741,0.9692194852977991
s0307__1,5,0.14236906170845032,-0.030763594433665276,0.6146822571754456,0.1848190724849701,0.8576309382915497
s0307__2,5,0.16122481226921082,-0.0051069241017103195,0.603693962097168,0.17208586633205414,0.8387751877307892
s0307__3,5,0.053852856159210205,-0.03901166841387749,0.18538415431976318,0.06609555333852768,0.9461471438407898
s1344__1,4,0.09711303561925888,0.017802955582737923,0.16464434564113617,0.05127657949924469,0.9028869643807411
s1344__2,5,0.17303474247455597,-0.00497474754229188,0.7863462567329407,0.2121315598487854,0.826965257525444
s1344__4,5,0.005014744121581316,-0.09050858020782471,0.09003400057554245,0.04702770337462425,0.9949852558784187
s0021__1,5,0.1872555911540985,0.030223745852708817,0.4586423635482788,0.12658853828907013,0.8127444088459015
s0021__2,5,0.2734215557575226,0.062012311071157455,0.9392019510269165,0.2380342036485672,0.7265784442424774
s0021__4,5,0.19679273664951324,0.014727187342941761,0.4206021726131439,0.12660670280456543,0.8032072633504868
s0551__1,5,0.1336471289396286,-0.025661440566182137,0.41747844219207764,0.13112126290798187,0.8663528710603714
s0551__3,5,0.18054458498954773,0.011107636615633965,0.594009280204773,0.16912060976028442,0.8194554150104523
s0551__4,5,0.1427074372768402,-0.059535395354032516,0.5020087957382202,0.18546456098556519,0.8572925627231598
s0551__5,5,0.1527898609638214,-0.022487998008728027,0.7542911767959595,0.20782022178173065,0.8472101390361786
s0551__6,5,0.17469891905784607,0.002762783784419298,0.5103406310081482,0.16965237259864807,0.8253010809421539
s0551__7,5,0.09190034866333008,0.015946855768561363,0.2209344059228897,0.053548019379377365,0.9080996513366699
s0551__8,5,0.11233937740325928,0.042725663632154465,0.3008657395839691,0.07064810395240784,0.8876606225967407
s0551__10,5,0.24779097735881805,0.024101097136735916,0.5703132748603821,0.21527676284313202,0.752209022641182
s0551__11,5,0.16077402234077454,-0.027888357639312744,0.3834112882614136,0.1190011128783226,0.8392259776592255
s0044__1,5,0.5581404566764832,0.25318944454193115,0.8246462345123291,0.2098514884710312,0.44185954332351685
s0044__2,5,0.36387938261032104,0.2539660930633545,0.8350348472595215,0.16162775456905365,0.636120617389679
s0783__1,5,0.0933956652879715,-0.013573464006185532,0.4606829285621643,0.13218961656093597,0.9066043347120285
s0377__2,5,0.05817697197198868,-0.007841202430427074,0.13509395718574524,0.04154980927705765,0.9418230280280113
s0377__3,5,0.20902173221111298,-0.013131261803209782,0.391083687543869,0.1302364319562912,0.790978267788887
s0549__1,5,0.28358006477355957,0.025721028447151184,0.7356497049331665,0.22187843918800354,0.7164199352264404
s0549__2,5,0.289762407541275,0.024005454033613205,0.8562127947807312,0.27514371275901794,0.710237592458725
s0549__3,5,0.10530805587768555,-0.012937198393046856,0.4462749660015106,0.12851925194263458,0.8946919441223145
s0160__1,5,0.10265753418207169,0.004862102214246988,0.300212025642395,0.08750414848327637,0.8973424658179283
s0160__2,5,0.05890006572008133,-0.009967654012143612,0.2464061975479126,0.07247544080018997,0.9410999342799187
s0160__3,5,0.12405697256326675,-0.03428271412849426,0.7999519109725952,0.23409481346607208,0.8759430274367332
s0012__1,5,0.11981763690710068,-0.027449360117316246,0.9092410802841187,0.2798430621623993,0.8801823630928993
s0012__3,5,0.3720966577529907,-0.03372159227728844,0.826823890209198,0.21154725551605225,0.6279033422470093
s0393__1,5,0.18650449812412262,0.007170174736529589,0.3969824016094208,0.13571903109550476,0.8134955018758774
s0393__2,5,0.1804296374320984,0.02030322514474392,0.5337074995040894,0.194642573595047,0.8195703625679016
s0393__3,5,0.16387777030467987,0.034348320215940475,0.6727283000946045,0.18069438636302948,0.8361222296953201
s0010__2,5,0.1413305699825287,-0.009157508611679077,0.6078450083732605,0.1911611109972,0.8586694300174713
s0006__1,5,0.09165842086076736,-0.024303216487169266,0.448998361825943,0.1600932776927948,0.9083415791392326
s0548__2,5,0.03180552273988724,-0.04251223802566528,0.18472720682621002,0.05765761807560921,0.9681944772601128
s0548__5,5,0.17274461686611176,0.04879162460565567,0.6532564759254456,0.17439478635787964,0.8272553831338882
s0548__7,5,0.11105942726135254,0.0033748948480933905,0.4335780441761017,0.13127849996089935,0.8889405727386475
s0548__9,5,0.13969193398952484,-0.01006517093628645,0.4068746268749237,0.15350666642189026,0.8603080660104752
s0692__1,5,0.22719380259513855,0.048628900200128555,0.3957623839378357,0.12435103952884674,0.7728061974048615
s0692__2,5,0.10449309647083282,-0.010868511162698269,0.3686414659023285,0.12590835988521576,0.8955069035291672
s0692__3,5,0.36794313788414,-0.02761875092983246,0.9797749519348145,0.3182443380355835,0.63205686211586
s0692__4,5,0.10670884698629379,-0.0467393733561039,0.40386825799942017,0.1421818733215332,0.8932911530137062
s0692__5,5,0.04640533775091171,-0.028322571888566017,0.2607232928276062,0.09426453709602356,0.9535946622490883
s1094__1,5,0.09017587453126907,0.025142287835478783,0.1891510933637619,0.050697725266218185,0.9098241254687309
s1094__2,5,0.11268018186092377,-0.01410564687103033,0.375362366437912,0.11622070521116257,0.8873198181390762
s0456__2,5,0.2157692164182663,0.023877808824181557,0.5517240166664124,0.17272374033927917,0.7842307835817337
s0456__3,5,0.11813727766275406,-0.07411734014749527,0.577426552772522,0.19567546248435974,0.8818627223372459
s0001__1,5,0.1504339873790741,-0.011137332767248154,0.7458227276802063,0.21298514306545258,0.8495660126209259
s0001__2,5,0.3748258054256439,0.01807415299117565,0.8524898290634155,0.2847400903701782,0.6251741945743561
s0001__3,5,0.4414041042327881,0.16172735393047333,0.7413458228111267,0.21130946278572083,0.5585958957672119
s0227__2,5,0.4254140853881836,0.04179191589355469,0.9038661122322083,0.26816263794898987,0.5745859146118164
s0227__3,5,0.24463005363941193,0.10600879788398743,0.5319802761077881,0.13828927278518677,0.7553699463605881
s1371__2,5,0.07000347226858139,-0.02406855672597885,0.21996693313121796,0.0768725648522377,0.9299965277314186
s0477__1,5,0.10317552089691162,-0.0019767172634601593,0.28250330686569214,0.0971333310008049,0.8968244791030884
s0477__2,5,0.10230163484811783,-0.01646866649389267,0.49535003304481506,0.14161014556884766,0.8976983651518822
s0477__3,5,0.060431890189647675,-0.013263280503451824,0.2407003939151764,0.06945223361253738,0.9395681098103523
s0477__4,5,0.09470107406377792,-0.023645585402846336,0.2256639003753662,0.08255431056022644,0.9052989259362221
s0804__1,5,0.08234474807977676,-0.011716753244400024,0.22747565805912018,0.06664775311946869,0.9176552519202232
s0804__2,5,0.1531684398651123,-0.04631056636571884,0.623094916343689,0.18547843396663666,0.8468315601348877
s0804__3,5,0.14125493168830872,-0.0015161300543695688,0.41175177693367004,0.13621419668197632,0.8587450683116913
s0804__4,5,0.16389986872673035,0.012975431978702545,0.6184890866279602,0.16374333202838898,0.8361001312732697
s0707__1,5,0.1625203639268875,-0.013688480481505394,0.8245288133621216,0.23012778162956238,0.8374796360731125
s0707__2,5,0.5650900602340698,0.06050293147563934,0.9834582805633545,0.39809301495552063,0.4349099397659302
s0503__3,5,0.16966411471366882,0.025154223665595055,0.5530298352241516,0.16005876660346985,0.8303358852863312
s0503__5,5,0.0913112536072731,-0.01761440560221672,0.3947831690311432,0.137896329164505,0.9086887463927269
s0521__1,5,0.28573185205459595,-0.05336528271436691,0.6604244709014893,0.28141966462135315,0.714268147945404
s0521__2,5,0.2987230122089386,0.09973397850990295,0.496185839176178,0.1263575255870819,0.7012769877910614
s0347__1,5,0.14440663158893585,0.010359560139477253,0.28630462288856506,0.0812365859746933,0.8555933684110641
s0167__1,5,0.05125008895993233,-0.030673544853925705,0.18024201691150665,0.07167521119117737,0.9487499110400677
s0059__3,5,0.21607370674610138,0.020016508176922798,0.5288313031196594,0.16212032735347748,0.7839262932538986
s0059__4,5,0.042472388595342636,-0.09215117245912552,0.16447705030441284,0.06502793729305267,0.9575276114046574
s0059__5,5,0.14828558266162872,0.025211136788129807,0.6197830438613892,0.16445255279541016,0.8517144173383713
s0285__1,5,0.06095809489488602,-0.009311722591519356,0.22428163886070251,0.06960856169462204,0.939041905105114
s0500__2,5,0.15944495797157288,0.01117885671555996,0.6066128015518188,0.16492457687854767,0.8405550420284271
s0500__4,5,0.5679786801338196,0.05861591920256615,0.9886462688446045,0.40421390533447266,0.4320213198661804
s0500__5,5,0.2281680554151535,0.09028306603431702,0.4612874984741211,0.10235311836004257,0.7718319445848465
s0500__7,5,0.3547460436820984,-0.08407390862703323,0.8556746244430542,0.374277800321579,0.6452539563179016
s0500__8,5,0.3195411264896393,0.21866218745708466,0.531580924987793,0.08576324582099915,0.6804588735103607
s0163__1,5,0.35394179821014404,-0.10804089903831482,0.9470643997192383,0.34607115387916565,0.646058201789856
s0163__2,5,0.08668031543493271,-0.020014122128486633,0.263691782951355,0.08041076362133026,0.9133196845650673
s0163__3,5,0.06654030829668045,-0.02355056442320347,0.1947285234928131,0.072313092648983,0.9334596917033195
s1378__1,5,0.39859452843666077,0.1200663149356842,0.7008043527603149,0.1670944094657898,0.6014054715633392
s1378__2,5,0.2167469561100006,0.017715146765112877,0.6873858571052551,0.19409728050231934,0.7832530438899994
s0371__1,5,0.030591687187552452,-0.05981777235865593,0.11568425595760345,0.057569343596696854,0.9694083128124475
s0371__2,5,0.7354258298873901,0.45096293091773987,0.9623736143112183,0.1872493177652359,0.26457417011260986
s0371__3,5,0.1296170949935913,-0.04967501387000084,0.7321619391441345,0.21338006854057312,0.8703829050064087
s0371__4,5,0.12497249990701675,-0.03597288951277733,0.4867314100265503,0.1464971899986267,0.8750275000929832
s0371__7,5,0.11774586141109467,0.001380806090310216,0.3424716889858246,0.10216844081878662,0.8822541385889053
s0146__1,5,0.062263596802949905,-0.007955053821206093,0.1571561098098755,0.049495879560709,0.9377364031970501
s0146__2,5,0.07601193338632584,-0.031619247049093246,0.5827441215515137,0.17270328104496002,0.9239880666136742
s0146__3,5,0.24944043159484863,0.0703514888882637,0.5636993646621704,0.16488417983055115,0.7505595684051514
s0146__4,5,0.24385209381580353,0.0031319353729486465,0.5331767201423645,0.1749916821718216,0.7561479061841965
s1388__1,5,0.16943980753421783,0.02827484719455242,0.831900954246521,0.22284537553787231,0.8305601924657822
s0519__2,5,0.2159942090511322,0.013897093944251537,0.7831884026527405,0.27524712681770325,0.7840057909488678
s0519__3,5,0.04668993502855301,-0.09273456037044525,0.27120310068130493,0.10006500035524368,0.953310064971447
s0519__4,5,0.21402518451213837,-0.01756560616195202,0.9188518524169922,0.3044075071811676,0.7859748154878616
s0519__5,5,0.2666007876396179,0.03395553305745125,0.6227616667747498,0.19630350172519684,0.7333992123603821
s0519__6,5,0.1595073938369751,0.004422695841640234,0.8252196907997131,0.24579006433486938,0.8404926061630249
s0519__7,5,0.14170955121517181,-0.002860808279365301,0.4371905028820038,0.15874117612838745,0.8582904487848282
s0519__9,5,0.15132257342338562,-0.016317451372742653,0.38620588183403015,0.11485744267702103,0.8486774265766144
s1397__1,5,0.23283672332763672,-0.007026001811027527,0.6523645520210266,0.20006334781646729,0.7671632766723633
s1397__3,5,0.120047427713871,0.005808955989778042,0.4852679371833801,0.1726786345243454,0.879952572286129
s1397__6,5,0.049757953733205795,-0.036126334220170975,0.19592246413230896,0.0657247006893158,0.9502420462667942
s0086__1,5,0.04209493473172188,-0.01312347874045372,0.1308785378932953,0.050513871014118195,0.9579050652682781
s0361__1,5,0.15623463690280914,-0.02037925086915493,0.6752945780754089,0.21743789315223694,0.8437653630971909
s0501__1,5,0.08757062256336212,-0.05174782872200012,0.5937502980232239,0.18750979006290436,0.9124293774366379
s0501__2,5,0.40865200757980347,0.0550520084798336,0.7499833703041077,0.28129616379737854,0.5913479924201965
s0250__1,5,0.230543851852417,0.01151908840984106,0.5149946808815002,0.19130592048168182,0.769456148147583
s0250__2,5,0.13745735585689545,-0.023823006078600883,0.565311074256897,0.1609460562467575,0.8625426441431046
s0250__3,4,0.2790003716945648,0.1633683294057846,0.4504316747188568,0.11262499541044235,0.7209996283054352
s0028__1,5,0.1064458116889,0.05050346627831459,0.16954243183135986,0.04253876581788063,0.8935541883111
s0447__2,5,0.1684497892856598,-0.007676069159060717,0.4827049970626831,0.15702657401561737,0.8315502107143402
s0447__3,5,0.07680442184209824,-0.026488985866308212,0.28756073117256165,0.1023559719324112,0.9231955781579018
s0212__2,5,0.08861424028873444,0.018975842744112015,0.16684646904468536,0.0559091791510582,0.9113857597112656
s0212__4,5,0.17144958674907684,-0.0814240351319313,0.656114935874939,0.23966069519519806,0.8285504132509232
s0212__5,5,0.21719768643379211,-0.023292331025004387,0.6866036057472229,0.26667311787605286,0.7828023135662079
s0212__6,5,0.25042545795440674,-0.013314086012542248,0.8058497905731201,0.28070276975631714,0.7495745420455933
s0003__2,5,0.06037665158510208,-0.04762549325823784,0.3550248444080353,0.11070661246776581,0.9396233484148979
s0038__1,5,0.10326077044010162,-0.020416028797626495,0.2112477421760559,0.07020050287246704,0.8967392295598984
s0038__3,5,0.07806366682052612,-0.021402956917881966,0.36359015107154846,0.10496165603399277,0.9219363331794739
s0595__1,5,0.39004892110824585,-0.005609407089650631,0.8083846569061279,0.27612048387527466,0.6099510788917542
s0595__2,5,0.459127277135849,0.0035791024565696716,0.7997909188270569,0.30707716941833496,0.540872722864151
s0595__3,5,0.2764663100242615,-0.037714388221502304,0.7821852564811707,0.26936832070350647,0.7235336899757385
s0139__1,5,0.11694036424160004,0.019742121919989586,0.5169762372970581,0.13736067712306976,0.8830596357584
s0697__1,5,0.25651803612709045,-0.004858239088207483,0.6175957918167114,0.19383500516414642,0.7434819638729095
s0697__2,5,0.22509118914604187,0.07887019217014313,0.5401861667633057,0.14687256515026093,0.7749088108539581
s0170__1,5,0.22197023034095764,0.02204904519021511,0.66069495677948,0.24333585798740387,0.7780297696590424
s0440__1,5,0.34298068284988403,0.022059030830860138,0.6997841000556946,0.22687265276908875,0.657019317150116
s0440__2,5,0.16947373747825623,-0.01002146489918232,0.4112801253795624,0.14734695851802826,0.8305262625217438
s0292__1,5,0.04971020296216011,-0.08152879774570465,0.23632276058197021,0.09014270454645157,0.9502897970378399
s0102__1,5,0.17186753451824188,0.03535063937306404,0.6108500957489014,0.16886793076992035,0.8281324654817581
s0102__2,5,0.1006624847650528,-0.032733093947172165,0.34989362955093384,0.11683739721775055,0.8993375152349472
s0058__2,5,0.23014172911643982,0.02805747278034687,0.6084550619125366,0.1965368688106537,0.7698582708835602
s0058__3,5,0.02139231562614441,-0.041462089866399765,0.06589586287736893,0.027741217985749245,0.9786076843738556
s0461__1,5,0.25102582573890686,0.025951741263270378,0.5675778388977051,0.2004418820142746,0.7489741742610931
s0461__2,5,0.11672799289226532,-0.04186208173632622,0.3793637156486511,0.13535238802433014,0.8832720071077347
s0461__3,5,0.24901962280273438,-0.010358840227127075,0.6008569598197937,0.18135926127433777,0.7509803771972656
s0603__1,5,0.19549810886383057,0.08875709772109985,0.29438239336013794,0.057033732533454895,0.8045018911361694
s1026__2,5,0.22053262591362,0.017226196825504303,0.8022819757461548,0.24098680913448334,0.77946737408638
s1026__4,5,0.199138805270195,0.01093786209821701,0.9125875234603882,0.2537105977535248,0.800861194729805
s0137__1,5,0.1344871073961258,0.003980029374361038,0.6263399720191956,0.18063271045684814,0.8655128926038742
s0408__1,5,0.14465388655662537,-0.13826347887516022,0.35466957092285156,0.17477701604366302,0.8553461134433746
s0132__1,5,0.19614888727664948,-0.0038310131058096886,0.747026264667511,0.2166215032339096,0.8038511127233505
s0248__1,5,0.25794681906700134,-0.0012048248900100589,0.8559738993644714,0.23596955835819244,0.7420531809329987
s0248__3,5,0.1444082260131836,-0.07451464235782623,0.589181125164032,0.20844288170337677,0.8555917739868164
s0248__4,5,0.36965280771255493,0.025532081723213196,0.9064961075782776,0.3486807346343994,0.6303471922874451
s0166__1,5,0.2761743664741516,0.011645857244729996,0.6479771733283997,0.21811887621879578,0.7238256335258484
s0550__1,5,0.11412876844406128,-0.00635658809915185,0.4367671012878418,0.12106944620609283,0.8858712315559387
s0550__4,5,0.22060732543468475,-0.011192169040441513,0.7289175391197205,0.31569287180900574,0.7793926745653152
s0550__5,5,0.2361554354429245,0.07197576761245728,0.49402526021003723,0.14249899983406067,0.7638445645570755
s0550__7,5,0.11497262865304947,-0.01958370767533779,0.250760555267334,0.09975836426019669,0.8850273713469505
s0550__8,5,0.14318488538265228,-0.01834843121469021,0.3647390902042389,0.11514955759048462,0.8568151146173477
s0550__9,5,0.123944953083992,0.022703075781464577,0.38245660066604614,0.11214868724346161,0.876055046916008
s0550__11,5,0.060069791972637177,-0.06146556884050369,0.21856378018856049,0.08756078034639359,0.9399302080273628
s0608__3,5,0.1070142537355423,-0.015498778782784939,0.20191706717014313,0.0620819553732872,0.8929857462644577
s0608__4,5,0.11559861898422241,-0.038175344467163086,0.35113227367401123,0.13112932443618774,0.8844013810157776
s0608__6,5,0.2829653024673462,0.010136464610695839,0.6175885200500488,0.21978788077831268,0.7170346975326538
s0608__8,5,0.1016542911529541,-0.03678831085562706,0.5270096063613892,0.1487807035446167,0.8983457088470459
s0740__1,5,0.12942692637443542,-0.07545173168182373,0.594348132610321,0.18106073141098022,0.8705730736255646
s0740__2,5,0.18523289263248444,0.006027959752827883,0.491342157125473,0.15017464756965637,0.8147671073675156
s0740__3,5,0.13872478902339935,0.06065371632575989,0.44185325503349304,0.12231949716806412,0.8612752109766006
s0652__2,5,0.5487772226333618,0.40625256299972534,0.7276583909988403,0.11713669449090958,0.4512227773666382
s0002__1,5,0.12821689248085022,-0.03496909141540527,0.6109954118728638,0.17032493650913239,0.8717831075191498
s0468__1,5,0.32289624214172363,0.10329169034957886,0.619216799736023,0.15061037242412567,0.6771037578582764
s0468__3,5,0.21854324638843536,0.12771490216255188,0.3824467062950134,0.08116939663887024,0.7814567536115646
s0143__1,5,0.3035573661327362,-0.000734279106836766,0.8268842101097107,0.3217337429523468,0.6964426338672638
s0143__2,5,0.3297033905982971,0.12350884824991226,0.6444844603538513,0.1824345737695694,0.6702966094017029
s0143__3,5,0.4273777902126312,0.1577339917421341,0.860448956489563,0.2760739028453827,0.5726222097873688
s0546__1,5,0.1683751344680786,-0.028191961348056793,0.7368758916854858,0.2159324735403061,0.8316248655319214
s0546__2,5,0.07096826285123825,-0.07132630050182343,0.3947294354438782,0.13126499950885773,0.9290317371487617
s0546__3,5,0.3099667429924011,-0.013626324944198132,0.6980816721916199,0.2390703707933426,0.6900332570075989
s0546__4,5,0.153066948056221,0.02123611979186535,0.2935638129711151,0.09226812422275543,0.846933051943779
s0546__5,5,0.03871820122003555,-0.1581484079360962,0.415487676858902,0.152017280459404,0.9612817987799644
s0478__1,5,0.11092939227819443,-0.08867159485816956,0.45185208320617676,0.16653530299663544,0.8890706077218056
s0478__2,5,0.07508145272731781,0.010282847099006176,0.24442200362682343,0.06455246359109879,0.9249185472726822
s0478__3,5,0.15896883606910706,-0.005083756987005472,0.5143972039222717,0.1898898333311081,0.8410311639308929
s0478__4,5,0.08892441540956497,-0.06686681509017944,0.31192484498023987,0.139310821890831,0.911075584590435
s1226__1,5,0.15732844173908234,-0.007005013059824705,0.712713360786438,0.20163223147392273,0.8426715582609177
s1226__2,5,0.20385774970054626,0.0046996986493468285,0.5669949650764465,0.14520908892154694,0.7961422502994537
s1226__3,5,0.13601790368556976,-0.097407266497612,0.5567657351493835,0.19132833182811737,0.8639820963144302
s1226__4,5,0.11569450050592422,0.013380740769207478,0.5243226885795593,0.1557161957025528,0.8843054994940758
s0057__4,5,0.18598881363868713,0.015176490880548954,0.5429975986480713,0.15659752488136292,0.8140111863613129
s0510__1,5,0.0850222036242485,0.025217993184924126,0.1802603304386139,0.05089409276843071,0.9149777963757515
s0510__2,5,0.14215758442878723,-0.005910007748752832,0.3802121579647064,0.11040551960468292,0.8578424155712128
s0487__1,5,0.1996183693408966,0.05800476670265198,0.49153608083724976,0.15051758289337158,0.8003816306591034
s0487__2,5,0.27805158495903015,0.16697755455970764,0.515944242477417,0.10608216375112534,0.7219484150409698
s0487__3,4,0.05964319407939911,-0.008978094905614853,0.10203160345554352,0.040691569447517395,0.9403568059206009
s0487__4,5,0.2357228547334671,0.013875347562134266,0.6453472375869751,0.1898827850818634,0.7642771452665329
s0423__1,5,0.11970409005880356,-0.03779011592268944,0.27962496876716614,0.10837198048830032,0.8802959099411964
s0423__2,5,0.0982188731431961,-0.007616190239787102,0.5178747773170471,0.14680607616901398,0.9017811268568039
s0291__2,5,0.05262813717126846,-0.08389164507389069,0.37124451994895935,0.12248831987380981,0.9473718628287315
s0291__3,5,0.24971139430999756,-0.04257594794034958,0.5658097863197327,0.22130045294761658,0.7502886056900024
s0291__4,5,0.3607959449291229,0.15616154670715332,0.6939052939414978,0.1437157243490219,0.6392040550708771
s0498__2,5,0.44208645820617676,0.21638278663158417,0.9398617744445801,0.21225285530090332,0.5579135417938232
s0498__3,5,0.05153453350067139,-0.05325610563158989,0.34033140540122986,0.10700642317533493,0.9484654664993286
s0498__4,5,0.15742237865924835,-0.010948384180665016,0.7119953632354736,0.20899604260921478,0.8425776213407516
s0498__5,5,0.06360118091106415,-0.0717710554599762,0.2269786149263382,0.08228366822004318,0.9363988190889359
s0498__6,5,0.09003199636936188,0.0058727203868329525,0.27368929982185364,0.08610910922288895,0.9099680036306381
s0498__7,5,0.06956244260072708,-0.02940564788877964,0.2154284417629242,0.07345690578222275,0.9304375573992729
s0498__8,5,0.1700970083475113,-0.004979268182069063,0.5975045561790466,0.23157267272472382,0.8299029916524887
s0498__9,5,0.12836627662181854,-0.050155963748693466,0.545673131942749,0.16028183698654175,0.8716337233781815
s0498__10,5,0.32932624220848083,0.12568439543247223,0.7265204787254333,0.1816672533750534,0.6706737577915192
s0321__1,5,0.13800787925720215,-0.09199385344982147,0.5541314482688904,0.18706686794757843,0.8619921207427979
s0685__1,5,0.20577533543109894,0.004603272769600153,0.7043463587760925,0.20228585600852966,0.7942246645689011
s0685__2,5,0.20079097151756287,-0.019390271976590157,0.8102014064788818,0.23873259127140045,0.7992090284824371
s1142__4,5,0.2590600252151489,0.04630780592560768,0.6074908375740051,0.22657687962055206,0.7409399747848511
s1142__5,5,0.18210193514823914,-0.026788953691720963,0.5708881616592407,0.21861734986305237,0.8178980648517609
s1142__6,5,0.1483420580625534,0.0008093483629636467,0.4023246467113495,0.14893430471420288,0.8516579419374466
s0431__1,5,0.11238940805196762,-0.024901658296585083,0.8550425171852112,0.25186601281166077,0.8876105919480324
s0431__2,5,0.08016616851091385,0.0004602728586178273,0.40190184116363525,0.11249745637178421,0.9198338314890862
s0431__3,5,0.23736803233623505,-0.04084232077002525,0.6288249492645264,0.270097941160202,0.762631967663765
s0070__1,5,0.40226879715919495,-0.023563796654343605,0.9217923283576965,0.358090877532959,0.597731202840805
s0070__3,5,0.24844901263713837,-0.03606163710355759,0.9888920783996582,0.3242795765399933,0.7515509873628616
s0669__1,5,0.18236486613750458,0.06401567161083221,0.43457168340682983,0.11520104855298996,0.8176351338624954
s0669__2,5,0.12238369137048721,-0.01125862542539835,0.5682223439216614,0.15502049028873444,0.8776163086295128
s0669__4,5,0.14201194047927856,0.006156275048851967,0.5277686715126038,0.14454206824302673,0.8579880595207214
s0574__1,5,0.2712234854698181,0.044841501861810684,0.8577002882957458,0.2257094383239746,0.7287765145301819
s0574__3,5,0.33657416701316833,0.14385464787483215,0.5168231129646301,0.11883649230003357,0.6634258329868317
s0574__5,5,0.3364323079586029,0.18192818760871887,0.6198204159736633,0.12635590136051178,0.6635676920413971
s0574__7,5,0.19974759221076965,-0.014180210418999195,0.6203421354293823,0.20720180869102478,0.8002524077892303
s0574__9,5,0.1799992322921753,-0.045967794954776764,0.3737020194530487,0.16193895041942596,0.8200007677078247
s0574__10,5,0.2079509049654007,0.011593187227845192,0.7569635510444641,0.22032611072063446,0.7920490950345993
s0171__1,5,0.09716423600912094,-0.018682973459362984,0.6284701228141785,0.18377646803855896,0.9028357639908791
s0389__1,5,0.14068853855133057,-0.026285549625754356,0.7527512311935425,0.2106645256280899,0.8593114614486694
s0389__2,5,0.08694707602262497,-0.03983163833618164,0.47063255310058594,0.14323045313358307,0.913052923977375
s0389__3,5,0.18726441264152527,-0.031744953244924545,0.6904098391532898,0.22810225188732147,0.8127355873584747
s0389__4,5,0.42887434363365173,0.09379313141107559,0.9763873219490051,0.24119119346141815,0.5711256563663483
s1025__1,5,0.29234105348587036,-0.08725377172231674,0.7490304112434387,0.2924104928970337,0.7076589465141296
s1025__2,5,0.20817916095256805,-0.008489452302455902,0.6521146893501282,0.1982019543647766,0.791820839047432
s1025__4,5,0.081887386739254,-0.05731547251343727,0.5012781023979187,0.15342450141906738,0.918112613260746
s1025__5,5,0.2353660762310028,-0.06811444461345673,0.8162158727645874,0.29526984691619873,0.7646339237689972
s1025__6,5,0.19534306228160858,-0.0452328585088253,0.5599256753921509,0.22389931976795197,0.8046569377183914
s1025__7,5,0.2897726893424988,-0.06390630453824997,0.7274003028869629,0.2858413755893707,0.7102273106575012
s1025__8,5,0.08094974607229233,-0.010608063079416752,0.25849899649620056,0.08184096962213516,0.9190502539277077
s0858__1,5,0.11172205209732056,-0.011901088058948517,0.7879387736320496,0.23168900609016418,0.8882779479026794
s0858__2,5,0.21057268977165222,-0.005199565086513758,0.6595960259437561,0.2805982828140259,0.7894273102283478
s0858__4,5,0.13380932807922363,-0.08282075822353363,0.7992265224456787,0.23977810144424438,0.8661906719207764
s0421__1,5,0.021870175376534462,-0.08852135390043259,0.14006251096725464,0.05377146229147911,0.9781298246234655
s0260__1,5,0.13217459619045258,-0.002856658538803458,0.4408102333545685,0.1658981591463089,0.8678254038095474
s1062__2,5,0.1268170177936554,-0.03496430441737175,0.8189297914505005,0.24919062852859497,0.8731829822063446
s1062__3,5,0.34912317991256714,0.016237739473581314,0.8612903356552124,0.28906965255737305,0.6508768200874329
s1062__4,5,0.40187469124794006,0.19233451783657074,0.8371595740318298,0.168016716837883,0.5981253087520599
s1062__5,5,0.14205844700336456,0.014748707413673401,0.6734598278999329,0.18551219999790192,0.8579415529966354
s1062__6,5,0.15717723965644836,0.03065640851855278,0.4775847792625427,0.13713528215885162,0.8428227603435516
s1062__7,5,0.3222253918647766,0.061952948570251465,0.7637379765510559,0.19471995532512665,0.6777746081352234
s0165__1,5,0.23075668513774872,-0.06429552286863327,0.8156477808952332,0.3282843828201294,0.7692433148622513
s0837__1,5,0.1211375817656517,-0.012717675417661667,0.37812361121177673,0.13847357034683228,0.8788624182343483
s1384__4,5,0.16030749678611755,-0.01933039166033268,0.6056854128837585,0.16589856147766113,0.8396925032138824
s0009__1,5,0.08062592893838882,-0.019085025414824486,0.33964523673057556,0.10385628789663315,0.9193740710616112
s0161__1,5,0.045218583196401596,-0.041933752596378326,0.1613270342350006,0.05485887825489044,0.9547814168035984
s0110__1,5,0.1823565661907196,0.03217684105038643,0.45256417989730835,0.1342744380235672,0.8176434338092804
s0472__1,5,0.14350703358650208,-0.01249698270112276,0.42474237084388733,0.14916591346263885,0.8564929664134979
s0472__2,5,0.2752862572669983,-0.036319732666015625,0.9109761714935303,0.3519642651081085,0.7247137427330017
s0056__1,5,0.17070989310741425,-0.008890940807759762,0.7436645030975342,0.22446586191654205,0.8292901068925858
s0411__1,5,0.2580192983150482,0.04116131365299225,0.4912061393260956,0.16221946477890015,0.7419807016849518
s1349__2,5,0.16198015213012695,-0.059428922832012177,0.8661912083625793,0.2604542076587677,0.838019847869873
s1349__3,5,0.15608090162277222,-0.026781471446156502,0.5918127298355103,0.18414384126663208,0.8439190983772278
s0446__1,5,0.2825721502304077,0.014860008843243122,0.6905198693275452,0.23157566785812378,0.7174278497695923
s0446__3,5,0.2805560231208801,0.024975227192044258,0.7897517681121826,0.26966798305511475,0.7194439768791199
s0446__4,5,0.49027642607688904,0.1013881042599678,0.8141340017318726,0.2156578004360199,0.509723573923111
s0004__1,5,0.14180108904838562,0.0017583296867087483,0.5996465086936951,0.2005893588066101,0.8581989109516144
s0004__2,5,0.22557632625102997,0.0038288170471787453,0.5927793979644775,0.16215373575687408,0.77442367374897
s0004__3,5,0.13837523758411407,-0.07748512923717499,0.4089513421058655,0.16145560145378113,0.8616247624158859
s0004__4,5,0.1701233983039856,-0.01785268448293209,0.7601850628852844,0.22831282019615173,0.8298766016960144
s0004__5,5,0.10447768867015839,-0.026296425610780716,0.3682372272014618,0.10546795278787613,0.8955223113298416
s0370__2,5,0.2607653737068176,-0.029369257390499115,0.9057265520095825,0.3766736090183258,0.7392346262931824
s0370__3,5,0.07896383106708527,-0.04635440930724144,0.17091551423072815,0.06450102478265762,0.9210361689329147
s0370__4,5,0.10716678202152252,0.022510439157485962,0.38681402802467346,0.10971654951572418,0.8928332179784775
s0370__5,5,0.07068342715501785,-0.07908482849597931,0.6934303641319275,0.21068716049194336,0.9293165728449821
s0370__6,5,0.23952002823352814,-0.03770275413990021,0.4739040434360504,0.1559191197156906,0.7604799717664719
s0124__2,5,0.6109240055084229,0.3472270369529724,0.9274764657020569,0.17925776541233063,0.38907599449157715
s0151__1,5,0.18912288546562195,-0.05233800783753395,0.4502623379230499,0.17121855914592743,0.810877114534378
s0151__2,5,0.23751536011695862,0.0916576087474823,0.6146694421768188,0.15018293261528015,0.7624846398830414
s0362__2,5,0.2625234127044678,-0.05152742192149162,0.5673637390136719,0.20904339849948883,0.7374765872955322
s0791__2,5,0.19176964461803436,0.008209516294300556,0.6228356957435608,0.19316065311431885,0.8082303553819656
s0791__3,5,0.03763999789953232,-0.13297872245311737,0.19124735891819,0.10516117513179779,0.9623600021004677
s0507__1,5,0.26684004068374634,-0.002518602181226015,0.8133028745651245,0.32779398560523987,0.7331599593162537
s0507__2,5,0.4277462065219879,0.22202302515506744,0.7235795855522156,0.1570078283548355,0.5722537934780121
s0507__3,5,0.49078506231307983,0.022958099842071533,0.7970090508460999,0.24686092138290405,0.5092149376869202
s0507__4,5,0.08790375292301178,-0.0411660335958004,0.19931045174598694,0.06448864191770554,0.9120962470769882
s0507__5,5,0.3907194137573242,0.0030674582812935114,0.7634775638580322,0.30929142236709595,0.6092805862426758
s0507__6,5,0.4521944522857666,0.23667943477630615,0.740256130695343,0.165589839220047,0.5478055477142334
s0675__1,5,0.16576175391674042,-0.006128945387899876,0.6433498859405518,0.17804574966430664,0.8342382460832596
s0675__2,5,0.24717314541339874,0.013305408880114555,0.6999642252922058,0.24132931232452393,0.7528268545866013
s0675__3,5,0.08658666908740997,-0.03977785259485245,0.3701963722705841,0.12080350518226624,0.91341333091259
s0327__2,5,0.15846946835517883,-0.05033237487077713,0.6517337560653687,0.19796083867549896,0.8415305316448212
s0327__3,5,0.06757201999425888,-0.022055385634303093,0.23990905284881592,0.09231195598840714,0.9324279800057411
s0327__4,5,0.07908155024051666,-0.009646459482610226,0.45782899856567383,0.13832616806030273,0.9209184497594833
s0327__6,5,0.06648285686969757,-0.05326559394598007,0.20838713645935059,0.08202894032001495,0.9335171431303024
s0410__1,5,0.1584342122077942,0.023477450013160706,0.3924257457256317,0.1119166910648346,0.8415657877922058
s0410__3,5,0.19266840815544128,0.04837239161133766,0.481107234954834,0.12278833240270615,0.8073315918445587
s0123__1,5,0.4078656733036041,-0.004481533542275429,0.8855631947517395,0.3459501266479492,0.5921343266963959
s0123__2,5,0.1611609309911728,0.0002958658442366868,0.595539927482605,0.20717503130435944,0.8388390690088272
s0141__2,5,0.0755850300192833,-0.01631038635969162,0.2668415904045105,0.095316581428051,0.9244149699807167
s0141__3,5,0.27633437514305115,0.0611896738409996,0.43007007241249084,0.08729371428489685,0.7236656248569489
s0774__1,5,0.1739484965801239,-0.02932552807033062,0.9600653648376465,0.2794620990753174,0.8260515034198761
s1013__1,5,0.2780362367630005,-0.016461636871099472,0.7093421816825867,0.26654917001724243,0.7219637632369995
s1013__2,5,0.5101727843284607,0.22557760775089264,0.7596685290336609,0.20966096222400665,0.4898272156715393
s1013__3,5,0.08735115826129913,0.006387457251548767,0.4536779522895813,0.12488581985235214,0.9126488417387009
s1013__4,5,0.07693850994110107,-0.022045783698558807,0.2378159910440445,0.08544063568115234,0.9230614900588989
s1013__5,5,0.3158970773220062,-0.025851435959339142,0.6951320171356201,0.26935526728630066,0.6841029226779938
s0158__1,5,0.17767544090747833,-0.07629694044589996,0.6502609252929688,0.19544333219528198,0.8223245590925217
s0158__2,5,0.13923852145671844,-0.03507030010223389,0.8470560312271118,0.24319450557231903,0.8607614785432816
s0627__1,5,0.10101256519556046,-0.005452457815408707,0.18443913757801056,0.05739855766296387,0.8989874348044395
s0627__2,5,0.31355372071266174,0.04352932423353195,0.7339431643486023,0.23575648665428162,0.6864462792873383
s0627__3,5,0.1657118797302246,0.017033539712429047,0.7094886898994446,0.19188280403614044,0.8342881202697754
s0627__5,5,0.05196433514356613,-0.04530158266425133,0.27587032318115234,0.08237358182668686,0.9480356648564339
s0627__6,5,0.03727414086461067,-0.030525246635079384,0.12762728333473206,0.04602985084056854,0.9627258591353893
s0627__7,5,0.19106152653694153,-0.008922768756747246,0.697765052318573,0.22685444355010986,0.8089384734630585
s0627__8,5,0.10659952461719513,-0.03169240429997444,0.2971879541873932,0.09943565726280212,0.8934004753828049
s0627__9,5,0.14873844385147095,-0.0314326174557209,0.45502424240112305,0.1558540016412735,0.851261556148529
s0079__1,5,0.30590513348579407,0.04062223434448242,0.7456687092781067,0.19226640462875366,0.6940948665142059
s0131__1,5,0.3308143615722656,0.049929097294807434,0.764458179473877,0.2350810319185257,0.6691856384277344
s0178__1,5,0.07162179797887802,0.001655742060393095,0.1641060709953308,0.053898025304079056,0.928378202021122
s0178__3,5,0.19789233803749084,-0.0034230377059429884,0.8765794038772583,0.2713134288787842,0.8021076619625092
s0178__5,5,0.18234243988990784,-0.01037957239896059,0.6268002390861511,0.17323245108127594,0.8176575601100922
s0241__1,5,0.17111997306346893,-0.06901592016220093,0.8597894906997681,0.30092379450798035,0.8288800269365311
s0241__2,5,0.094169482588768,0.01336611621081829,0.1910317987203598,0.053307030349969864,0.905830517411232
s0241__3,5,0.12173323333263397,-0.028733892366290092,0.43759313225746155,0.18719160556793213,0.878266766667366
s0241__4,5,0.09244269132614136,-0.005770117975771427,0.41190847754478455,0.12349143624305725,0.9075573086738586
s0241__5,5,0.19905447959899902,-0.0013675882946699858,0.6085221767425537,0.2174711972475052,0.800945520401001
s0241__6,5,0.1024564877152443,-0.044039126485586166,0.7873217463493347,0.2316310703754425,0.8975435122847557
s0241__7,5,0.06602363288402557,-0.07912954688072205,0.41760897636413574,0.13118690252304077,0.9339763671159744
s0063__1,5,0.19496144354343414,0.07365889847278595,0.8839977383613586,0.23215897381305695,0.8050385564565659
s0063__2,5,0.18731780350208282,0.05398603156208992,0.3498755693435669,0.09145031869411469,0.8126821964979172
s0063__3,5,0.09238773584365845,-0.029089583083987236,0.2262798249721527,0.08760262280702591,0.9076122641563416
s0383__1,5,0.1681547909975052,-0.010245922021567822,0.44485339522361755,0.1394566297531128,0.8318452090024948
s0383__2,5,0.08011649549007416,-0.04426702484488487,0.2765985429286957,0.0929592102766037,0.9198835045099258
s0383__3,5,0.06310363113880157,-0.03182157129049301,0.2927262783050537,0.09043435752391815,0.9368963688611984
s0383__4,5,0.5631586909294128,-0.0012734729098156095,0.9377808570861816,0.4165654182434082,0.43684130907058716
s0383__5,5,0.26852333545684814,0.09762709587812424,0.491626501083374,0.11251811683177948,0.7314766645431519
s0383__6,5,0.10027998685836792,-0.05705047771334648,0.3733884394168854,0.13997937738895416,0.8997200131416321
s0152__2,5,0.27886703610420227,0.05149773880839348,0.5428734421730042,0.16192525625228882,0.7211329638957977
s0152__4,5,0.0995098203420639,-0.03210923448204994,0.7047371864318848,0.2109283059835434,0.9004901796579361
s0333__1,5,0.1319991499185562,-0.02172391302883625,0.3561153709888458,0.13088645040988922,0.8680008500814438
s0605__2,5,0.14295712113380432,-0.026358148083090782,0.46159327030181885,0.15258541703224182,0.8570428788661957
s0605__6,5,0.3893597424030304,-0.014799143187701702,0.8124918341636658,0.3137924373149872,0.6106402575969696
s0199__1,5,0.08702361583709717,-0.0034977192990481853,0.24739855527877808,0.07239919155836105,0.9129763841629028
s0080__1,5,0.1587146818637848,0.018777476623654366,0.7285144925117493,0.211048886179924,0.8412853181362152
s0080__2,5,0.04899223893880844,-0.07387375086545944,0.18290993571281433,0.08871830999851227,0.9510077610611916
s0474__1,5,0.08703605830669403,-0.09847105294466019,0.4000016152858734,0.14065644145011902,0.912963941693306
s0516__1,5,0.09197025001049042,0.013905094005167484,0.24732428789138794,0.07688803225755692,0.9080297499895096
s0516__2,5,0.34904831647872925,-0.0349435992538929,0.6865830421447754,0.2724442183971405,0.6509516835212708
s0516__3,5,0.21727526187896729,-0.010924864560365677,0.6559901833534241,0.22407153248786926,0.7827247381210327
s0516__4,5,0.1693541258573532,0.07805715501308441,0.24036237597465515,0.055121976882219315,0.8306458741426468
s0516__5,5,0.20105509459972382,-0.01761915348470211,0.7779832482337952,0.21402433514595032,0.7989449054002762
s0516__6,5,0.1407090276479721,-0.006811853498220444,0.8658397197723389,0.2503463625907898,0.8592909723520279
s0516__7,5,0.11296786367893219,-0.042024511843919754,0.6250751614570618,0.2096916139125824,0.8870321363210678
s0516__8,5,0.10067225992679596,-0.035782329738140106,0.3434778153896332,0.1142134889960289,0.899327740073204
s0516__9,5,0.17931070923805237,-0.009743627160787582,0.4928717613220215,0.16085949540138245,0.8206892907619476
s0516__11,5,0.10533982515335083,-0.041653718799352646,0.5278490781784058,0.15678557753562927,0.8946601748466492
s0067__1,5,0.16886039078235626,-0.02774183079600334,0.41274145245552063,0.14938512444496155,0.8311396092176437
s0067__2,5,0.2612864375114441,0.012870234437286854,0.6221972107887268,0.19423739612102509,0.7387135624885559
s0067__3,5,0.2972373068332672,0.03597837686538696,0.8697513341903687,0.2328701764345169,0.7027626931667328
s0067__5,5,0.11476419121026993,-0.10238175094127655,0.5401610136032104,0.1744091957807541,0.8852358087897301
s0182__1,5,0.5156035423278809,0.17063578963279724,0.8274126648902893,0.22243286669254303,0.48439645767211914
s0388__1,5,0.09566880762577057,-0.06823473423719406,0.4922771751880646,0.15380339324474335,0.9043311923742294
s0388__2,5,0.05920718237757683,-0.021073590964078903,0.20962627232074738,0.06199514865875244,0.9407928176224232
s0388__3,5,0.13434480130672455,-0.003954216372221708,0.6808074712753296,0.197061225771904,0.8656551986932755
s0502__1,5,0.12122563272714615,0.01018272154033184,0.25328588485717773,0.09265661239624023,0.8787743672728539
s0502__2,5,0.08994021266698837,-0.06308306008577347,0.27336931228637695,0.09602948278188705,0.9100597873330116
s0502__4,5,0.27125075459480286,0.15593647956848145,0.5104902982711792,0.10433194041252136,0.7287492454051971
s0502__6,5,0.4365188479423523,0.3006962239742279,0.7351951599121094,0.12663306295871735,0.5634811520576477
s0502__7,5,0.1414400339126587,-0.051604267209768295,0.5671491622924805,0.2020787000656128,0.8585599660873413
s0502__8,5,0.1990300714969635,0.03352570906281471,0.7630211710929871,0.21281211078166962,0.8009699285030365
s0502__9,5,0.17854443192481995,0.014879277907311916,0.3028092682361603,0.10461080819368362,0.82145556807518
s0502__10,5,0.3004922866821289,-0.028637778013944626,0.6405016779899597,0.25494876503944397,0.6995077133178711
s0497__2,5,0.13773809373378754,0.04494580253958702,0.2816084027290344,0.08101741224527359,0.8622619062662125
s0497__3,5,0.06569439172744751,-0.0532560758292675,0.38999876379966736,0.11892219632863998,0.9343056082725525
s0497__4,5,0.1295621693134308,-0.010052530094981194,0.6409447193145752,0.18318355083465576,0.8704378306865692
s1292__1,5,0.3049164414405823,0.010157005861401558,0.8692507743835449,0.291225403547287,0.6950835585594177
s1292__2,5,0.11374583095312119,-0.0036092677619308233,0.2346108853816986,0.07912947237491608,0.8862541690468788
s1292__4,5,0.07983805239200592,-0.03145232051610947,0.323545902967453,0.10955248773097992,0.9201619476079941
s0514__2,5,0.23806878924369812,-0.01879504695534706,0.7842706441879272,0.25622573494911194,0.7619312107563019
s0514__3,5,0.1342945396900177,0.00424746610224247,0.31343621015548706,0.10312706977128983,0.8657054603099823
s0117__1,5,0.11456010490655899,-0.011670947074890137,0.5005223751068115,0.1539308875799179,0.885439895093441
s0117__2,5,0.2759365439414978,-0.004793872125446796,0.5715026259422302,0.23944304883480072,0.7240634560585022
s0117__3,5,0.19935664534568787,-0.02400488220155239,0.8655062317848206,0.2376878410577774,0.8006433546543121
s0367__1,5,0.1023445725440979,-0.04864021763205528,0.3996128737926483,0.12036143243312836,0.8976554274559021
s0367__2,5,0.08514449745416641,-0.04036331921815872,0.34595930576324463,0.1312159150838852,0.9148555025458336
s0460__1,5,0.169259175658226,-0.010889465920627117,0.8687754273414612,0.24127113819122314,0.830740824341774
s0543__1,5,0.44505277276039124,0.06270845979452133,0.8658151030540466,0.2845723330974579,0.5549472272396088
s0543__2,5,0.18039821088314056,0.0005437598447315395,0.6280449628829956,0.21085749566555023,0.8196017891168594
s0543__3,5,0.2596493661403656,0.06776287406682968,0.8396921157836914,0.2298869490623474,0.7403506338596344
s0543__5,5,0.27764520049095154,0.13141556084156036,0.44944074749946594,0.09082701057195663,0.7223547995090485
s0751__2,5,0.07591603696346283,-0.05823151394724846,0.25657474994659424,0.08479253947734833,0.9240839630365372
s0751__4,5,0.16643351316452026,0.019854659214615822,0.3761468827724457,0.12291773408651352,0.8335664868354797
s0751__5,5,0.12303540855646133,-0.019857967272400856,0.3906427025794983,0.11794714629650116,0.8769645914435387
s0751__8,5,0.12178324162960052,0.05145993083715439,0.21434324979782104,0.05783933401107788,0.8782167583703995
s0751__11,5,0.27563315629959106,-0.07942233234643936,0.5878618359565735,0.22546036541461945,0.7243668437004089
s0751__12,5,0.225651815533638,-0.0029392458964139223,0.4275756776332855,0.1595127433538437,0.774348184466362
s0751__13,5,0.16497182846069336,-0.01817520335316658,0.5551334619522095,0.15792126953601837,0.8350281715393066
s0187__1,5,0.09315235912799835,-0.042781028896570206,0.4639425277709961,0.13859719038009644,0.9068476408720016
s0040__1,5,0.28253448009490967,0.14337071776390076,0.5933489799499512,0.12469577044248581,0.7174655199050903
s0156__2,5,0.791364312171936,0.6184003353118896,0.9403716921806335,0.10575554519891739,0.20863568782806396
s0156__4,5,0.06551999598741531,-0.013020778074860573,0.1726282387971878,0.060814063996076584,0.9344800040125847
s1208__1,5,0.15354274213314056,0.00849541649222374,0.577260434627533,0.15300922095775604,0.8464572578668594
s1208__3,5,0.22684422135353088,-0.018933400511741638,0.7827041149139404,0.3451724052429199,0.7731557786464691
s1208__4,5,0.08323029428720474,-0.042709458619356155,0.2575710713863373,0.10205277800559998,0.9167697057127953
s0024__1,5,0.12668085098266602,-0.008380704559385777,0.31430813670158386,0.0846761167049408,0.873319149017334
s0024__2,5,0.16893532872200012,0.040162310004234314,0.3708510994911194,0.08237264305353165,0.8310646712779999
s0024__3,5,0.10435144603252411,0.0001797858567442745,0.5028102397918701,0.15535247325897217,0.8956485539674759
s0071__1,5,0.10858160257339478,0.04499048367142677,0.400343120098114,0.10125616937875748,0.8914183974266052
s0071__2,5,0.16621047258377075,0.01445430051535368,0.8247479796409607,0.231587216258049,0.8337895274162292
s0071__3,5,0.15385232865810394,-0.029362328350543976,0.5335683822631836,0.19813382625579834,0.8461476713418961
s0071__4,5,0.36562108993530273,0.06220543384552002,0.7216976881027222,0.19994908571243286,0.6343789100646973
s0071__5,5,0.05002325773239136,-0.0019323102897033095,0.20815715193748474,0.060751140117645264,0.9499767422676086
s0153__2,5,0.19074270129203796,-0.03240616247057915,0.6800425052642822,0.2559213936328888,0.809257298707962
s0402__1,5,0.19713149964809418,0.05935945734381676,0.6901368498802185,0.17776302993297577,0.8028685003519058
s0402__2,5,0.21853753924369812,0.008791443891823292,0.4524225890636444,0.14385002851486206,0.7814624607563019
s0402__4,5,0.30167296528816223,0.02174277789890766,0.8333700895309448,0.2523973286151886,0.6983270347118378
s0402__5,5,0.15937188267707825,-0.09716824442148209,0.6989570260047913,0.21596142649650574,0.8406281173229218
s0402__7,5,0.07891001552343369,-0.055953044444322586,0.41411489248275757,0.13413241505622864,0.9210899844765663
s0402__8,5,0.07645756006240845,-0.005505691282451153,0.34800609946250916,0.09848646819591522,0.9235424399375916
s0402__9,5,0.07749931514263153,-0.06850888580083847,0.3147245943546295,0.11853897571563721,0.9225006848573685
s0103__1,5,0.121518574655056,0.006325982976704836,0.43188929557800293,0.14474032819271088,0.878481425344944
s1380__3,5,0.11085911095142365,-0.00013839096936862916,0.21617355942726135,0.08611360937356949,0.8891408890485764
s0119__1,5,0.09463882446289062,-0.004986316431313753,0.25380563735961914,0.10279913246631622,0.9053611755371094
s0119__2,5,0.1374131143093109,-0.025960244238376617,0.42869237065315247,0.12273569405078888,0.8625868856906891
s0840__1,5,0.18668264150619507,-0.04246705770492554,0.6031991839408875,0.2189103066921234,0.8133173584938049
s0840__2,5,0.08645497262477875,0.03070112131536007,0.14589694142341614,0.03548602759838104,0.9135450273752213
s0840__3,5,0.26076585054397583,-0.01541096530854702,0.5899779796600342,0.2114580273628235,0.7392341494560242
s0840__4,5,0.24041934311389923,-0.004100056365132332,0.8143714070320129,0.30065056681632996,0.7595806568861008
s0840__5,5,0.11410222947597504,-0.012706488370895386,0.36156508326530457,0.12876422703266144,0.885897770524025
s0840__6,5,0.027424495667219162,-0.04901345074176788,0.13024362921714783,0.055435728281736374,0.9725755043327808
s0840__7,5,0.12062288820743561,-0.07871993631124496,0.6935613751411438,0.2504706084728241,0.8793771117925644
s0840__8,5,0.12485196441411972,-0.017802253365516663,0.8212618231773376,0.24173898994922638,0.8751480355858803
s0484__1,5,0.19836802780628204,-0.002799459034577012,0.6865331530570984,0.2747892737388611,0.801631972193718
s0484__2,5,0.22913900017738342,0.11173541843891144,0.5153968334197998,0.11533452570438385,0.7708609998226166
s0484__3,5,0.20156240463256836,-0.020804161205887794,0.8022274971008301,0.26236408948898315,0.7984375953674316
s0484__5,5,0.07973723858594894,-0.033724021166563034,0.5417494177818298,0.1590430736541748,0.9202627614140511
s0484__6,5,0.11717498302459717,-0.022721104323863983,0.6948356628417969,0.23377643525600433,0.8828250169754028
s0484__7,5,0.10162527859210968,-0.05455932393670082,0.6183596253395081,0.19181852042675018,0.8983747214078903
s0484__8,5,0.09754149615764618,-0.035287514328956604,0.6498202085494995,0.1916491687297821,0.9024585038423538
s0484__9,5,0.08327452838420868,-0.03792818263173103,0.9630355834960938,0.29369914531707764,0.9167254716157913
s0484__10,5,0.34152817726135254,0.015635956078767776,0.679219126701355,0.2187667340040207,0.6584718227386475
s0483__1,5,0.0876886397600174,-0.022374996915459633,0.4034839868545532,0.11965691298246384,0.9123113602399826
s0483__2,5,0.11585309356451035,0.004767525475472212,0.35985061526298523,0.10408896952867508,0.8841469064354897
s0483__3,5,0.33100664615631104,0.21845325827598572,0.49637502431869507,0.08849682658910751,0.668993353843689
s0483__6,5,0.2231859415769577,0.016012612730264664,0.46898096799850464,0.15419071912765503,0.7768140584230423
s0483__7,5,0.27294921875,0.019387468695640564,0.578441858291626,0.2008693516254425,0.72705078125
s0483__8,5,0.18998220562934875,-0.007833920419216156,0.666816234588623,0.2686152458190918,0.8100177943706512
s0483__9,5,0.11517444998025894,-0.02666092850267887,0.448117733001709,0.15543270111083984,0.8848255500197411
s0483__11,5,0.10842039436101913,-0.00467113358899951,0.40978315472602844,0.14133870601654053,0.8915796056389809
s0150__1,5,0.19648897647857666,-0.07816483825445175,0.4251783788204193,0.15695665776729584,0.8035110235214233
s0150__2,5,0.5429843068122864,0.176127091050148,0.8257547616958618,0.24243274331092834,0.4570156931877136
s0150__3,5,0.20226073265075684,0.010251215659081936,0.46696439385414124,0.1566735804080963,0.7977392673492432
s0334__1,5,0.28238993883132935,-0.022770613431930542,0.6992912888526917,0.2065063714981079,0.7176100611686707
s0334__2,5,0.15571284294128418,-0.13267670571804047,0.4721437096595764,0.1926974654197693,0.8442871570587158
s0334__3,5,0.4267656207084656,0.2357885092496872,0.5743852257728577,0.10527455061674118,0.5732343792915344
s0536__1,5,0.318279504776001,0.022650184109807014,0.7071192264556885,0.23828360438346863,0.681720495223999
s0536__3,5,0.1446051299571991,0.0028892906848341227,0.37258389592170715,0.1462157666683197,0.8553948700428009
s0536__4,5,0.09903302043676376,-0.009762941859662533,0.4409809112548828,0.11901026964187622,0.9009669795632362
s0536__5,5,0.1192939430475235,0.01480599120259285,0.3645797669887543,0.10430772602558136,0.8807060569524765
s0536__7,5,0.16600079834461212,0.03686687722802162,0.5748728513717651,0.15295636653900146,0.8339992016553879
s0536__8,5,0.6092984676361084,0.35226571559906006,0.8394801020622253,0.14784933626651764,0.3907015323638916
s0536__9,5,0.169204980134964,-0.04360443353652954,0.7544451355934143,0.23898497223854065,0.830795019865036
s0536__10,5,0.06454368680715561,-0.03019075095653534,0.5273439884185791,0.15659232437610626,0.9354563131928444
s0061__1,5,0.13656790554523468,-0.04193047806620598,0.6297457218170166,0.18417926132678986,0.8634320944547653
s0061__2,5,0.05613533407449722,-0.07774916291236877,0.2565135657787323,0.10736016929149628,0.9438646659255028
s0061__3,5,0.3404751420021057,0.15481425821781158,0.7562146782875061,0.18421670794487,0.6595248579978943
s0061__5,5,0.20522618293762207,0.041535310447216034,0.527255117893219,0.20073971152305603,0.7947738170623779
s0037__1,5,0.07088975608348846,-0.04369324818253517,0.2445514053106308,0.09817181527614594,0.9291102439165115
s0467__1,5,0.4304478168487549,0.1557147055864334,0.6372897624969482,0.12893560528755188,0.5695521831512451
s0000__2,5,0.27033013105392456,-0.05211632326245308,0.9039745926856995,0.3944898545742035,0.7296698689460754
s0340__1,5,0.2623542547225952,-0.023138949647545815,0.9170157313346863,0.3093116581439972,0.7376457452774048
s0287__1,5,0.16848626732826233,-0.03702078387141228,0.6471812725067139,0.2302452176809311,0.8315137326717377
s0476__1,5,0.33887743949890137,0.019315190613269806,0.7288715839385986,0.2546420693397522,0.6611225605010986
s0476__2,5,0.1635817289352417,-0.004195341840386391,0.8614737391471863,0.25952956080436707,0.8364182710647583
s0476__3,5,0.21285036206245422,-0.027821965515613556,0.3944496512413025,0.14756208658218384,0.7871496379375458
s0043__1,5,0.37228459119796753,-0.022358421236276627,0.8703818917274475,0.32226407527923584,0.6277154088020325
s0352__1,5,0.09960313886404037,-0.04581555351614952,0.5961925983428955,0.18173223733901978,0.9003968611359596
s0352__2,5,0.2539721131324768,0.028469733893871307,0.5654526352882385,0.23872296512126923,0.7460278868675232
s0157__2,5,0.6529005765914917,0.4603208303451538,0.8584597706794739,0.10457048565149307,0.3470994234085083
s0157__3,5,0.11199064552783966,-0.02870548702776432,0.5809953808784485,0.1693475991487503,0.8880093544721603
s0587__1,5,0.15350782871246338,0.03756818547844887,0.3538089990615845,0.11528313905000687,0.8464921712875366
s0587__2,5,0.10022339969873428,-0.03940550610423088,0.338562548160553,0.11116588860750198,0.8997766003012657
s0587__3,5,0.07197331637144089,-0.005991398356854916,0.18143774569034576,0.05478130280971527,0.9280266836285591
s0587__5,5,0.19553253054618835,0.0201281625777483,0.820323646068573,0.22054944932460785,0.8044674694538116
s0587__6,5,0.09706218540668488,-0.027761321514844894,0.6407746076583862,0.19963443279266357,0.9029378145933151
s0587__7,5,0.08306043595075607,-0.03818466514348984,0.3905155658721924,0.15418457984924316,0.9169395640492439
s0587__8,5,0.08604830503463745,-0.04724545031785965,0.3538990020751953,0.12218093127012253,0.9139516949653625
s0587__9,5,0.1308886706829071,-0.03518236055970192,0.43777552247047424,0.15712404251098633,0.8691113293170929
s0587__12,5,0.1513097584247589,-0.05989757925271988,0.6271186470985413,0.18734793365001678,0.8486902415752411
s0587__13,5,0.10779023170471191,-0.007488586939871311,0.36264869570732117,0.14663147926330566,0.8922097682952881
s0587__14,5,0.14527693390846252,0.007230713497847319,0.33933234214782715,0.10596296191215515,0.8547230660915375
s0289__1,5,0.2798101305961609,0.028721991926431656,0.6778857707977295,0.1913549154996872,0.7201898694038391
s1334__2,5,0.2367674559354782,-0.008002281188964844,0.8444963097572327,0.23451080918312073,0.7632325440645218
s1334__3,5,0.08490126579999924,-0.07186272740364075,0.5161040425300598,0.16703490912914276,0.9150987342000008
s1334__4,5,0.20802780985832214,-0.012593886815011501,0.5922262072563171,0.20671163499355316,0.7919721901416779
s1334__5,5,0.16049346327781677,-0.019471224397420883,0.7738242149353027,0.22512495517730713,0.8395065367221832
s1334__6,5,0.20845715701580048,-0.011945514008402824,0.6228576898574829,0.22816583514213562,0.7915428429841995
s0895__1,5,0.18852196633815765,-0.01722072996199131,0.7205461859703064,0.21345694363117218,0.8114780336618423
