case,mask_id,dice_bp_direct,dice_bp_medsam,dice_gt_medsam
s0000,1,0.0,0.0,0.7007
s0000,2,0.0,0.0,0.0622
s0001,1,0.0,0.0,1.0
s0001,2,0.0070491708557231,0.0154092765913439,0.5448
s0001,3,0.0,0.0,0.087
s0002,1,0.0,0.0,0.4485
s0002,2,0.0,0.0,0.2992
s0003,1,0.217927287923109,0.2397729320598306,0.8268
s0003,2,0.0,0.0,0.4292
s0004,1,0.0088054617661495,0.0003368498415274,0.2323
s0004,2,0.3698439370223736,0.2579711244279248,0.6802
s0004,3,0.0908374901548963,0.0651465798045602,0.339
s0004,4,0.0275562001450326,0.0263548626577579,0.7802
s0004,5,0.0374310985771055,0.0930202103976603,0.8342
s0006,1,0.0,0.0,1.0
s0009,1,0.0039803824010235,0.0024081878386514,0.455
s0010,1,0.0,0.0,0.5426
s0010,2,0.0289410963568266,0.0264921302789465,0.3711
s0012,1,0.0,0.0,0.212
s0012,2,0.1205298706738572,0.0955963372468558,0.6727
s0012,3,0.5582085968647917,0.4324353289482497,0.4022
s0021,1,0.0,0.0,1.0
s0021,2,0.0069244085401038,0.0045749142203583,0.1525
s0021,3,0.0,0.005813953488372,0.584
s0021,4,0.0,0.0,0.6571
s0024,1,0.4796385542168674,0.4166098724564307,0.56
s0024,2,0.0040217711880312,0.0035480284788419,0.3191
s0024,3,0.0,0.0,0.3151
s0024,4,0.0,0.0,1.0
s0028,1,0.0,0.0,0.4551
s0028,2,0.0,0.0,0.3094
s0029,1,0.0,0.0042987641053197,0.2618
s0029,2,0.0,0.0,0.1607
s0029,3,0.0,0.0,1.0
s0029,4,0.0,0.0026799387442572,0.1167
s0029,5,0.0866214291698081,0.1323069114288131,0.4591
s0034,1,0.0267911873940792,0.0214631091940028,0.6933
s0037,1,0.0,0.0,0.3178
s0038,1,0.0,0.0,1.0
s0038,2,0.0,0.0,1.0
s0038,3,0.7486790802754801,0.6450338417694873,0.7474
s0040,1,0.0,0.0185771585391598,0.512
s0043,1,0.1354231006794317,0.1428493717021161,0.5395
s0044,1,0.0,0.0,0.5705
s0044,2,0.0,0.0,0.5745
s0046,1,0.0,0.0176678445229682,0.0875
s0046,2,0.0,0.0,0.2341
s0046,3,0.0016607697306664,0.0015831179001793,0.2674
s0046,4,0.013120131201312,0.0178265745823741,0.1417
s0046,5,0.0,0.0,0.4843
s0046,6,0.0,0.0,0.6884
s0046,7,0.1942104457037831,0.5301649083273584,0.5425
s0046,8,0.0,0.0,0.3295
s0050,1,0.0,0.0,0.1989
s0056,1,0.0,0.0,0.5633
s0057,1,0.0081256771397616,0.0215384615384615,0.2589
s0057,2,0.0,0.0007507507507507,0.1734
s0057,3,0.0010411244143675,0.0009868015295423,0.0725
s0057,4,0.0,0.0,0.2989
s0057,5,0.1614794767704104,0.1428756309046201,0.1696
s0058,1,0.042544651816175,0.0345821325648415,0.1652
s0058,2,0.0,0.0,0.2901
s0058,3,0.0033514872224549,0.0370128456346614,0.6471
s0058,4,0.2956690482490959,0.3404157924852183,0.7109
s0058,5,0.0,0.0,0.5807
s0059,1,0.0205155891483331,0.0205000776518092,0.1197
s0059,2,0.005893909626719,0.0196597353497164,0.2513
s0059,3,0.0,0.0,0.2695
s0059,4,0.0,0.0,0.6079
s0059,5,0.0688039716113694,0.0511264080100125,0.6153
s0061,1,0.0160692212608158,0.0133239831697054,0.0901
s0061,2,0.0612332902112979,0.0595637583892617,0.1818
s0061,3,0.0,0.0,0.1479
s0061,4,0.0,0.0,0.0877
s0061,5,0.0,0.0,0.3871
s0063,1,0.0,0.0,0.364
s0063,2,0.0,0.0,0.1807
s0063,3,0.0,0.0,0.6229
s0067,1,0.0365972757645849,0.0525212924158442,0.1863
s0067,2,0.0088454910970706,0.0225355368080434,0.2294
s0067,3,0.0,0.0,0.3791
s0067,4,0.0,0.0,0.7388
s0067,5,0.0132342461569785,0.0152077236802691,0.2217
s0070,1,0.0052383446830801,0.0109185853311179,0.1146
s0070,2,0.0,0.0014280614066404,0.4258
s0070,3,0.0,0.0598052851182197,0.5313
s0071,1,0.0,0.0,1.0
s0071,2,0.0,0.0,0.1039
s0071,3,0.0,0.0,0.208
s0071,4,0.0156497128111212,0.0339026582766148,0.2887
s0071,5,0.0029600750848314,0.0123491265630332,0.4792
s0079,1,0.0,0.0,0.4691
s0080,1,0.0,0.00659195781147,0.2154
s0080,2,0.0031003704126756,0.004484659825362,0.3298
s0080,3,0.0,0.0,0.2857
s0086,1,0.0,0.0,0.1681
s0086,2,0.0,0.0,0.0632
s0089,1,0.0,0.0,1.0
s0089,2,0.0,0.0,1.0
s0102,1,0.002072002072002,0.0244868563197695,0.1131
s0102,2,0.0,0.0,0.103
s0103,1,0.0,0.0,0.0263
s0108,1,0.0,0.0,1.0
s0110,1,0.0079411421230877,0.055161680788518,0.694
s0117,1,0.0,0.0,1.0
s0117,2,0.0,0.0,0.3949
s0117,3,0.0,0.0,0.5218
s0119,1,0.0,0.0,0.5068
s0119,2,0.0,0.0,1.0
s0120,1,0.0,0.0,0.7067
s0123,1,0.0,0.0,0.5719
s0123,2,0.0137365170093113,0.0208994894033713,0.3433
s0124,1,0.128430296377607,0.1107411696583671,0.5958
s0124,2,0.0,0.0,0.2566
s0124,3,0.0333839150227617,0.0003030762236702,0.2765
s0124,4,0.0,0.0,0.6595
s0128,1,0.1114254373304081,0.3023551553995625,0.1527
s0128,2,0.0220958625753462,0.0324823775957325,0.4754
s0131,1,0.0052213974916815,0.0044520979461548,0.0479
s0132,1,0.9244794916888864,0.8553048797963559,0.8535
s0133,1,0.0457624016108365,0.0859977949283351,0.1698
s0137,1,0.0,0.0,0.1036
s0139,1,0.0197449609214315,0.0150287313982613,0.3197
s0141,1,0.238999536822603,0.1400675929402929,0.4227
s0141,2,0.0,0.0,1.0
s0141,3,0.0330123796423658,0.1488636363636363,0.8425
s0143,1,0.0,0.0,
s0143,2,0.0,0.0,
s0143,3,0.0,0.0,
s0146,1,0.0,0.0,
s0146,2,0.8137484152697563,0.6857916246483732,
s0146,3,0.7145753767099507,0.6084642874975925,
s0146,4,0.8188201151487728,0.7458246579180277,
s0146,5,0.8048591530738622,0.7390503748520321,
s0150,1,0.0,0.0006650041562759,
s0150,2,0.0,0.0,
s0150,3,0.0004556846662109,0.0016134236850596,
s0150,4,0.0,0.0,
s0150,5,0.1727742097972547,0.1683871578747987,
s0151,1,0.0,0.0,
s0151,2,0.0,0.0,
s0152,1,0.0,0.0,
s0152,2,0.0028288543140028,0.0069952305246422,
s0152,3,0.0013745704467353,0.0,
s0152,4,0.0034696406443618,0.0223187833300414,
s0153,1,0.786557714068533,0.5663469263306651,
s0153,2,0.0,0.0,
s0156,1,0.0,0.0,
s0156,2,0.0597612629957643,0.0398218764395761,
s0156,3,0.0249229778820067,0.0251462220984363,
s0156,4,0.0,0.0024542028223332,
s0157,1,0.0291548496880317,0.0262262190534198,
s0157,2,0.0102245250431778,0.0233401671660621,
s0157,3,0.1353227950952873,0.1174977794696104,
s0158,1,0.0002404568680492,0.0004625346901017,
s0158,2,0.0,0.0,
s0160,1,0.0,0.0186236656824892,
s0160,2,0.0,0.0,
s0160,3,0.0225906966392165,0.015134107206529,
s0161,1,0.0,0.0,
s0161,2,0.1415244144501786,0.1432255504860146,
s0162,1,0.6562692386620151,0.5094673750170277,
s0162,2,0.8399845157657657,0.8215860768927272,
s0163,1,0.0250958522133147,0.0586203493535971,
s0163,2,0.0007949757532395,0.0006426322215795,
s0163,3,0.0,0.0,
s0165,1,0.0,0.0,
s0166,1,0.1312004696213677,0.1184198845983133,
s0166,2,0.0,0.0,
s0167,1,0.0274599542334096,0.0253882178949963,
s0170,1,0.1595612948876702,0.0980932871099905,
s0171,1,0.1591979340726112,0.1461864406779661,
s0171,2,0.0,0.0,
s0174,1,0.0,0.0,
s0175,1,0.0003676227308486,0.00028664495114,
s0178,1,0.0008322929671244,0.0005030181086519,
s0178,2,0.4031674208144796,0.2521202775636083,
s0178,3,0.0,0.0,
s0178,4,0.0,0.0,
s0178,5,0.0124153498871331,0.0268456375838926,
s0182,1,0.0,0.0,
s0182,2,0.068370607028754,0.0558820002398369,
s0187,1,0.0,0.0,
s0190,1,0.0539121876537809,0.032470663880405,
s0190,2,0.8903827165369881,0.6809603353968098,
s0199,1,0.0,0.0,
s0212,1,0.0,0.0007137758743754,
s0212,2,0.0,0.0021054847878724,
s0212,3,0.0134938687554514,0.001579288756028,
s0212,4,0.0,0.0,
s0212,5,0.0,0.0,
s0212,6,0.0,0.0007212925562608,
s0227,1,0.010062893081761,0.0049906425452276,
s0227,2,0.0,0.0,
s0227,3,0.1664695128508442,0.0996412452262469,
s0241,1,0.0021440057173485,0.0019637462235649,
s0241,2,0.8156186828385998,0.822017644802455,
s0241,3,0.8029101462126785,0.6813073718108328,
s0241,4,0.8199015465188447,0.784799917985169,
s0241,5,0.4709944751381215,0.4270248913472935,
s0241,6,0.7660094689813065,0.8211163161188765,
s0241,7,0.6561800978480604,0.7018237625813255,
s0248,1,0.0,0.0,
s0248,2,0.0,0.0,
s0248,3,0.0,0.0,
s0248,4,0.0478578766088585,0.0311063980205019,
s0250,1,0.0709179296539891,0.116055321707757,
s0250,2,0.0,0.0,
s0250,3,0.7781289664269182,0.7499531075427537,
s0260,1,0.0006714789323484,0.0002671713236112,
s0260,2,0.0,0.0,
s0260,3,0.1659625829812915,0.0545082898024074,
s0285,1,0.0023852116875372,0.0,
s0287,1,0.0,0.0,
s0287,2,0.0,0.0,
s0287,3,0.3845863241405364,0.3345947416586283,
s0289,1,0.1710961789188647,0.1859457844821148,
s0291,1,0.1186844958438742,0.1110264442751107,
s0291,2,0.0,0.0,
s0291,3,0.001999067102019,0.0018638170974155,
s0291,4,0.5528133371362739,0.5777785223281345,
s0292,1,0.0,0.0,
s0307,1,0.0,0.0,
s0307,2,0.0,0.0,
s0307,3,0.6071106705118962,0.6354030730372553,
s0321,1,0.5265454545454545,0.3669579030976966,
s0321,2,0.7817664477493425,0.7099983446449263,
s0327,1,0.0,0.0,
s0327,2,0.3785036146677119,0.4458028383089097,
s0327,3,0.4137700215156586,0.4447250989307064,
s0327,4,0.3790198172540643,0.3191874497184231,
s0327,5,0.2162175110791711,0.2926222222222222,
s0327,6,0.1003197807217907,0.0670886075949367,
s0327,7,0.0,0.0,
s0327,8,0.0,0.0,
s0333,1,0.1483441291852933,0.2141724600561044,
s0334,1,0.4747678920141149,0.453547616968003,
s0334,2,0.00530679933665,0.0373658897521272,
s0334,3,0.6199391347894757,0.5513139947258343,
s0336,1,0.0,0.0,
s0340,1,0.0169073247571541,0.0134775197102066,
s0340,2,0.0,0.0,
s0346,1,0.0978672329424799,0.1220374492601807,
s0347,1,0.0,0.0,
s0347,2,0.0004324499641877,0.00037741189791,
s0352,1,0.127958172812328,0.0973230735883819,
s0352,2,0.0,0.0,
s0361,1,0.0,0.0,
s0362,1,0.0,0.0100308641975308,
s0362,2,0.0,0.0,
s0362,3,0.0,0.0,
s0362,4,0.0031554882957143,0.0153184704307963,
s0367,1,0.7908555571156022,0.7111115851144006,
s0367,2,0.7915113028418235,0.7489700361366161,
s0369,1,0.0027506112469437,0.0021916473882868,
s0369,2,0.0233690360272638,0.0262154432793136,
s0369,3,0.0884060685521633,0.1054748603351955,
s0369,4,0.0149983697424193,0.0782059585492228,
s0369,5,0.421629347308242,0.3184049992560631,
s0369,6,0.7671976709953878,0.7344624061888397,
s0370,1,0.0,0.0,
s0370,2,0.0,0.0,
s0370,3,0.0,0.0,
s0370,4,0.0,0.0,
s0370,5,0.0,0.0,
s0370,6,0.0,0.0,
s0370,7,0.4689750037612569,0.4470807413514353,
s0371,1,0.0072751882243465,0.0266396042115945,
s0371,2,0.0,0.0,
s0371,3,0.0,0.0,
s0371,4,0.0,0.0,
s0371,5,0.6415380877171668,0.6842873580984766,
s0371,6,0.0024580090126997,0.0164942878388426,
s0371,7,0.8930701789503183,0.8111702617569584,
s0375,1,0.0,0.0,
s0375,2,0.0,0.0,
s0375,3,0.0,0.0,
s0375,4,0.0003727171077152,0.0055637375225004,
s0375,5,0.0,7.149112616396489e-05,
s0376,1,0.0195056141879453,0.0215346986969539,
s0376,2,0.0,0.0,
s0376,3,0.0,3.558761076643851e-05,
s0376,4,0.7913301023155628,0.7738502781967016,
s0376,5,0.1026325757575757,0.2180541571251637,
s0376,6,0.1758598927106342,0.1444208306035378,
s0376,7,0.8543277209160469,0.9131937186454848,
s0376,8,0.0113312462034484,0.0280936454849498,
s0377,1,0.0003077633299992,0.0,
s0377,2,0.0013944223107569,0.0032021096251648,
s0377,3,0.908481416390028,0.8863253441811751,
s0383,1,0.001267186213014,0.0074637716279746,
s0383,2,0.0136963377743451,0.0163905325443786,
s0383,3,0.101521438450899,0.0971798188874514,
s0383,4,0.0,0.0,
s0383,5,0.0688659380326882,0.0677920402130056,
s0383,6,0.0,0.0,
s0388,1,0.0,0.0,
s0388,2,0.0,0.0,
s0388,3,0.0028860628082014,0.0054936395361927,
s0389,1,0.0,4.41832722131401e-05,
s0389,2,0.0076628352490421,0.0,
s0389,3,0.0,0.0,
s0389,4,0.2342177493138152,0.1491095248395702,
s0393,1,0.0,0.0,
s0393,2,0.0,0.0,
s0393,3,0.0048487787138614,0.0055182793001818,
s0393,4,0.8996126609022262,0.8462104274238772,
s0402,1,0.0,0.0,
s0402,2,0.0,0.0,
s0402,3,0.2934507136187808,0.2532347504621072,
s0402,4,0.0,0.0043956043956043,
s0402,5,0.0016181229773462,0.0195683775019568,
s0402,6,0.0451127819548872,0.0,
s0402,7,0.1345407503234152,0.076423936553713,
s0402,8,0.017986655062373,0.0188656997995519,
s0402,9,0.0,0.0,
s0402,10,0.7995345635714052,0.6319639474887336,
s0408,1,0.0270874336991693,0.0346243658909735,
s0410,1,0.0042075736325385,0.0137524557956778,
s0410,2,0.0,0.0,
s0410,3,0.0,0.0,
s0411,1,0.0118225334918238,0.0105654681688318,
s0420,1,0.3038761698131537,0.3247721623860812,
s0421,1,0.0428567667886382,0.0397740056498587,
s0423,1,0.0452583692989618,0.0353488372093023,
s0423,2,0.0,0.0,
s0429,1,0.0425531914893617,0.0278637770897832,
s0431,1,0.0,0.0,
s0431,2,0.093396280075081,0.0866719451042491,
s0431,3,0.0053281964055167,0.0036527114357965,
s0436,1,0.0,0.0,
s0436,2,0.0,0.0,
s0436,3,0.0349018385789965,0.0262008733624454,
s0436,4,0.0,0.0,
s0440,1,0.6643153451143071,0.5388148066176064,
s0440,2,0.0980810234541577,0.0574121679520137,
s0440,3,0.0100671140939597,0.0146375791695988,
s0446,1,0.0118621892716964,0.0113656132212235,
s0446,2,0.112644376899696,0.1000496031746031,
s0446,3,0.0,0.0,
s0446,4,0.001471489883507,0.0014899428855227,
s0447,1,0.0003621501370996,0.000545141946576,
s0447,2,0.00110180696342,0.0014495817352701,
s0447,3,0.0,0.0,
s0456,1,0.0,0.0,
s0456,2,0.0,0.0,
s0456,3,0.0347654628476546,0.0300137467542385,
s0460,1,0.0,0.0,
s0461,1,0.0,0.0,
s0461,2,0.0,0.0,
s0461,3,0.0,0.0,
s0461,4,0.0,0.0038197097020626,
s0467,1,0.3241275420537283,0.1893305439330544,
s0467,2,0.0024252223120452,0.0469024819230017,
s0467,3,0.0026638252530633,0.0251128114577202,
s0468,1,0.0014967371130934,0.0019151218017465,
s0468,2,0.0,0.0,
s0468,3,0.0041695621959694,0.0031026993484331,
s0472,1,0.0485682274160348,0.0461502723072555,
s0472,2,0.0,0.0,
s0474,1,0.0082766775051729,0.0405741626794258,
s0476,1,0.0,0.0,
s0476,2,0.0,0.0,
s0476,3,0.0,0.0079964460239893,
s0477,1,0.0121498481268984,0.0008922198429693,
s0477,2,0.0050262888132006,0.0075226907247403,
s0477,3,0.0,0.0,
s0477,4,0.0022156573116691,0.0250475232025047,
s0478,1,0.0,0.0,
s0478,2,0.0015100037750094,0.0005161956381468,
s0478,3,0.848449514685491,0.8841361077693118,
s0478,4,0.8661258807507846,0.9045557733252492,
s0483,1,0.0,0.0022471910112359,
s0483,2,0.0615722924683892,0.076679446574429,
s0483,3,0.0,0.0,
s0483,4,0.0,0.0022764638927532,
s0483,5,0.0,0.0,
s0483,6,0.0,0.0,
s0483,7,0.673396167316837,0.5443294886391763,
s0483,8,0.3591828831445445,0.3939102498516442,
s0483,9,0.0455058717253839,0.0688885428022634,
s0483,10,0.013617960986382,0.0379214739289866,
s0483,11,0.4542064275529231,0.525348119736513,
s0483,12,0.3908486707566462,0.285430976105253,
s0484,1,0.0717385015909748,0.0508474576271186,
s0484,2,0.0563086548488008,0.0291902071563088,
s0484,3,0.0,0.0,
s0484,4,0.0,0.0,
s0484,5,0.3092333981497849,0.3732101842349606,
s0484,6,0.6232694410629913,0.6251607308393887,
s0484,7,0.4407491535593366,0.4045944963025821,
s0484,8,0.5424135403478377,0.5711998050512611,
s0484,9,0.6918861416459817,0.7055987728716994,
s0484,10,0.8252845008218216,0.6402638697736225,
s0487,1,0.0,0.0,
s0487,2,0.0,0.0,
s0487,3,0.0,0.000892458723784,
s0487,4,0.0353089533417402,0.0706626030025962,
s0497,1,0.0,0.0,
s0497,2,0.0,0.0,
s0497,3,0.8091987927013308,0.8367533865758223,
s0497,4,0.7224127158292568,0.8260217627556986,
s0498,1,0.024412680441551,0.0251652493763315,
s0498,2,0.0111329056883846,0.0113431859082728,
s0498,3,0.0,0.0,
s0498,4,0.0959957570936091,0.0921248142644873,
s0498,5,0.0,0.0,
s0498,6,0.8171066501407407,0.7177461504442568,
s0498,7,0.1422227485345491,0.097445557291188,
s0498,8,0.0024263992235522,0.0133787827868196,
s0498,9,0.6959255684902588,0.7496671466999972,
s0498,10,0.9253726971853674,0.875249081243579,
s0500,1,0.0065040650406504,0.0076575008701705,
s0500,2,0.0,0.0,
s0500,3,0.0,0.0,
s0500,4,0.0,0.0008503401360544,
s0500,5,0.0,0.0,
s0500,6,0.0,0.0,
s0500,7,0.027217845083393,0.0344539220605452,
s0500,8,0.5637851592050065,0.7283733370873513,
s0501,1,0.0,0.0,
s0501,2,0.0015616866215512,0.0040659588886379,
s0501,3,0.0075239088065992,0.0064333800519265,
s0502,1,0.0084230229293401,0.0,
s0502,2,0.0,0.0,
s0502,3,0.0,0.0,
s0502,4,0.0,0.0,
s0502,5,0.0,0.0,
s0502,6,0.2157108172098143,0.4212082753182103,
s0502,7,0.0,0.0,
s0502,8,0.0,0.0,
s0502,9,0.1719697485862233,0.1036193404136389,
s0502,10,0.0,0.0107369000642378,
s0503,1,0.0,0.0002900863006744,
s0503,2,0.0,0.0,
s0503,3,0.0,0.0,
s0503,4,0.8086967271378681,0.8373764857511098,
s0503,5,0.8355516509261293,0.8690295289334264,
s0507,1,0.0098010954165465,0.0105571847507331,
s0507,2,0.0,0.0,
s0507,3,0.0,0.0,
s0507,4,0.0,0.0,
s0507,5,0.0,0.0,
s0507,6,0.829219838587294,0.7494720675753503,
s0510,1,0.0016398957194516,0.0012748075984828,
s0510,2,0.0006603929337956,0.0007745933384972,
s0510,3,0.9151023823013912,0.8303226817656394,
s0514,1,0.0,0.0,
s0514,2,0.0,0.0,
s0514,3,0.0,8.526784762635629e-05,
s0514,4,0.0032188841201716,0.0,
s0516,1,0.0,0.0,
s0516,2,0.1138519924098671,0.1310169303972557,
s0516,3,0.0,0.0,
s0516,4,0.0,0.0,
s0516,5,0.0150115473441108,0.0054121565362198,
s0516,6,0.0,0.0,
s0516,7,0.6357157338240569,0.6290875195243614,
s0516,8,0.6927496281335717,0.6615370396044179,
s0516,9,0.3954343864956853,0.3647327926803909,
s0516,10,0.54660176672075,0.649312609250248,
s0516,11,0.2900103861769427,0.4643828839970319,
s0519,1,0.0062679298956148,0.0051186140368146,
s0519,2,0.0,0.0,
s0519,3,0.0,0.0,
s0519,4,0.1026460664180429,0.0973137354282818,
s0519,5,0.0,0.0,
s0519,6,0.0,0.0,
s0519,7,0.7228994676336702,0.6555741503604532,
s0519,8,0.0114699858200724,0.0394259228234768,
s0519,9,0.0062407132243685,0.0160481444332999,
s0519,10,0.5015775827059449,0.692152818699666,
s0519,11,0.3528257314192258,0.5862785862785863,
s0519,12,0.3670560904237496,0.4577798675600485,
s0521,1,0.0,0.0,
s0521,2,0.2677202922319964,0.2884959955097899,
s0521,3,0.1706196617551978,0.1279471392100916,
s0536,1,0.0,0.0,
s0536,2,0.042149631190727,0.0380245246934413,
s0536,3,0.0,0.0,
s0536,4,0.0,0.0,
s0536,5,0.0,0.0,
s0536,6,0.39844799283689,0.6634376845835794,
s0536,7,0.0,0.0,
s0536,8,0.0,0.0,
s0536,9,0.0,0.0,
s0536,10,0.0,0.0,
s0543,1,0.3989361702127659,0.2033453591341423,
s0543,2,0.004478948939982,0.0150569588905398,
s0543,3,0.0,0.0,
s0543,4,0.0878036437246963,0.0914111983785153,
s0543,5,0.5642439257010596,0.5491545274870068,
s0546,1,0.0,0.0,
s0546,2,0.0,0.0,
s0546,3,0.0949164592961251,0.0666395774075579,
s0546,4,0.0,0.0,
s0546,5,0.0,0.0,
s0548,1,0.0,0.0,
s0548,2,0.0,0.0,
s0548,3,0.0030684258975145,0.0,
s0548,4,0.0108063175394846,0.0093489716131225,
s0548,5,0.0020569691007467,0.0,
s0548,6,0.7297478669350973,0.7227680288817211,
s0548,7,0.6398158803222095,0.687493328589219,
s0548,8,0.8100720424378605,0.8028429282160625,
s0548,9,0.2649137687305626,0.4328576244521856,
s0549,1,0.0055630643865937,0.0055290567507057,
s0549,2,0.0047562425683709,0.0440051020408163,
s0549,3,0.0,0.0,
s0550,1,0.0054017555705604,0.0589689265536723,
s0550,2,0.0,0.0037433155080213,
s0550,3,0.0021707670043415,0.0016516185862144,
s0550,4,0.0,0.0,
s0550,5,0.0936675461741424,0.1518372304889158,
s0550,6,0.0,0.0,
s0550,7,0.749812149160933,0.7269789113630855,
s0550,8,0.7939903416204614,0.7425629290617849,
s0550,9,0.4777332381527648,0.5697526373226628,
s0550,10,0.5167811690505688,0.5371939736346516,
s0550,11,0.5077136900625434,0.6907426807079451,
s0551,1,0.0,0.0,
s0551,2,0.0152432190091907,0.0137416568511974,
s0551,3,0.0,0.0,
s0551,4,0.0017433591778685,0.0020242604548451,
s0551,5,0.6926362106897891,0.5177448989459433,
s0551,6,0.0566706021251475,0.044263775971093,
s0551,7,0.042833607907743,0.112853733378793,
s0551,8,0.0,0.0,
s0551,9,0.0,0.0,
s0551,10,0.0166666666666666,0.0253829321663019,
s0551,11,0.2783443311337732,0.2819060313228924,
s0561,1,0.0445812546438806,0.0540661973940392,
s0561,2,0.0,0.0017017719327053,
s0561,3,0.0017409075426711,0.0025437553570934,
s0561,4,0.0,0.0,
s0561,5,0.0,0.0,
s0561,6,0.0,0.0,
s0561,7,0.007806031933767,0.0022654332641117,
s0561,8,0.0,0.0098002261590652,
s0561,9,0.0,0.0,
s0561,10,0.3882373845060412,0.4645498042627229,
s0561,11,0.0337777777777777,0.0776508972267536,
s0561,12,0.0297397769516728,0.0,
s0571,1,0.0,0.0,
s0571,2,0.0,0.0,
s0571,3,0.0,0.0,
s0571,4,0.005420054200542,0.0120906801007556,
s0571,5,0.6749388982891521,0.4648773782825725,
s0571,6,0.4145275062668817,0.433783179908839,
s0571,7,0.530540262847153,0.4759587902957793,
s0571,8,0.0359508041627246,0.0591618734593262,
s0571,9,0.0639658848614072,0.0873417721518987,
s0574,1,0.0,0.0,
s0574,2,0.0,0.0,
s0574,3,0.0,0.0,
s0574,4,0.0,0.0,
s0574,5,0.0,0.0,
s0574,6,0.0,0.0,
s0574,7,0.6918667699457784,0.5413031371821051,
s0574,8,0.0508339952343129,0.0548327137546468,
s0574,9,0.018524755810037,0.0082457225314368,
s0574,10,0.3274874110088557,0.2819976076555024,
s0587,1,0.0,0.0,
s0587,2,0.0,0.0,
s0587,3,0.0,0.0,
s0587,4,0.0,0.0,
s0587,5,0.0,0.0,
s0587,6,0.0,0.0,
s0587,7,0.0,0.0,
s0587,8,0.0130979498861047,0.0093916755602988,
s0587,9,0.0,0.0,
s0587,10,0.0,0.0,
s0587,11,0.0,0.0,
s0587,12,0.2695214105793451,0.3961526901112113,
s0587,13,0.1825827930611529,0.2169278996865203,
s0587,14,0.0,0.0,
s0595,1,0.0,0.0,
s0595,2,0.0,0.0,
s0595,3,0.0499274363584917,0.0565673880437111,
s0595,4,0.0243700672971583,0.0266686457869477,
s0595,5,0.7420486958502933,0.6508607337257158,
s0603,1,0.0,0.0,
s0605,1,0.0041003466656726,0.0001984126984126,
s0605,2,0.0,0.0,
s0605,3,0.0047003525264394,0.0258038904327113,
s0605,4,0.7324001087251971,0.6303335431088735,
s0605,5,0.0117219297769577,0.0424366236419351,
s0605,6,0.0848375451263537,0.3066435495310899,
s0608,1,0.0,0.0,
s0608,2,0.0,0.0,
s0608,3,0.0,0.0,
s0608,4,0.0063027620133748,0.0031575216676869,
s0608,5,0.0018467220683287,0.0098106319872233,
s0608,6,0.0635021634003563,0.122091114501458,
s0608,7,0.0177048792041686,0.0405699526974085,
s0608,8,0.0047301923196614,0.0103073105554495,
s0627,1,0.0,0.0,
s0627,2,0.0,0.0,
s0627,3,0.0,0.0,
s0627,4,0.0024686278543509,0.0033001903955997,
s0627,5,0.0033009352649917,0.0092309098386875,
s0627,6,0.0083263946711074,0.0051491096331259,
s0627,7,0.0,0.0768261964735516,
s0627,8,0.0,0.0449545671927307,
s0627,9,0.7304636985036025,0.5328255902513328,
s0633,1,0.1983977498179261,0.2300820796975738,
s0652,1,0.0,0.0,
s0652,2,0.0777461604428159,0.0787843900115129,
s0652,3,0.0,0.0,
s0652,4,0.0074823318458447,0.0074411607791003,
s0652,5,0.0092808426141759,0.0318276127184067,
s0669,1,0.0,0.0,
s0669,2,0.0151006711409395,0.031104199066874,
s0669,3,0.7142353521821899,0.6038378413779554,
s0669,4,0.1756122980719124,0.2256339485941004,
s0675,1,0.0,0.0,
s0675,2,0.0,0.0,
s0675,3,0.4837840138467213,0.4463497344679762,
s0675,4,0.5568457164791402,0.5072091273821464,
s0685,1,0.6788342092689919,0.255090029210446,
s0685,2,0.0,0.0,
s0692,1,0.0020842544053559,0.0017567207878626,
s0692,2,0.0,0.0,
s0692,3,0.0,0.0,
s0692,4,0.6669236328595519,0.6156938133519748,
s0692,5,0.6289345352445692,0.560989010989011,
s0692,6,0.7150762865270235,0.6599919903884661,
s0697,1,0.0,0.0,
s0697,2,0.0,0.0,
s0697,3,0.0007504690431519,0.0075704472171596,
s0707,1,0.0636380933194551,0.0571050600815786,
s0707,2,0.1527159394479074,0.2293946024799416,
s0724,1,0.6431461810824481,0.5518590998043053,
s0724,2,0.255091103965702,0.2663061845217979,
s0736,1,0.0,0.0,
s0736,2,0.0,0.0,
s0736,3,0.5628154050464808,0.6350910834132311,
s0740,1,0.0019278320271572,0.0,
s0740,2,0.0151676509503985,0.0,
s0740,3,0.0,0.0,
s0751,1,0.0,0.0,
s0751,2,0.2893090702303099,0.247233141820381,
s0751,3,0.09310496267018,0.0676056338028169,
s0751,4,0.0,0.0,
s0751,5,0.0,0.0,
s0751,6,0.0171175301849304,0.0084949511139605,
s0751,7,0.7862527933989834,0.7706768099085222,
s0751,8,0.7674288438815067,0.7199402125775022,
s0751,9,0.5609186325798704,0.5269563158517817,
s0751,10,0.7204169132826147,0.7178986577612227,
s0751,11,0.2111695246483719,0.3794884287454324,
s0751,12,0.7010761755996588,0.5224740939835846,
s0751,13,0.319693847512511,0.0384384384384384,
s0774,1,0.0,0.0001498015129952,
s0783,1,0.0016120365394948,0.0,
s0791,1,0.004749747669655,0.0058786058786058,
s0791,2,0.0,0.0,
s0791,3,0.1626056971172996,0.4207913675959023,
s0791,4,0.0,0.0,
s0804,1,0.0,0.0,
s0804,2,0.0892857142857142,0.0923076923076923,
s0804,3,0.0038816108685104,0.0,
s0804,4,0.009604190919674,0.0204167015312526,
s0837,1,0.0,0.0,
s0840,1,0.0,0.0,
s0840,2,0.0,0.0,
s0840,3,0.0081314034802406,0.03087192323738,
s0840,4,0.6460433225609223,0.7119262014807977,
s0840,5,0.6088687390242707,0.5482699621192311,
s0840,6,0.4904000050212461,0.2995428625288656,
s0840,7,0.5842192887830245,0.6994733114132397,
s0840,8,0.5886533902875256,0.5518849167673775,
s0858,1,0.0,0.0,
s0858,2,0.0252242324057917,0.0345782885286271,
s0858,3,0.2096604655042963,0.1504939100412391,
s0858,4,0.0,0.0,
s0858,5,0.0014961986116668,0.003430881328872,
s0895,1,0.0445508982035928,0.0,
s0931,1,0.0625808934130898,0.0599556888574055,
s0931,2,0.0213208528341133,0.0248962655601659,
s0931,3,0.0,0.0,
s0931,4,0.1370716510903426,0.0899965385946694,
s0931,5,0.026321036889332,0.026616618324518,
s0931,6,0.0,0.0,
s0931,7,0.0,0.0,
s0931,8,0.0,0.0,
s1004,1,0.0812017053024247,0.0364275540200624,
s1004,2,0.0,0.0,
s1004,3,0.0,0.0,
s1004,4,0.302872653245872,0.3072585254334158,
s1013,1,0.050946523597662,0.0398115047123821,
s1013,2,0.475,0.3055975794251134,
s1013,3,0.2321248741188318,0.4801470588235294,
s1013,4,0.0268915223336371,0.0277693321171582,
s1013,5,0.8232308528928707,0.773386973301445,
s1025,1,0.0569294927747066,0.0705712380529006,
s1025,2,0.0,0.0,
s1025,3,0.0,0.0,
s1025,4,0.5578737718715885,0.6554812613505036,
s1025,5,0.4580092092757153,0.5072219911521155,
s1025,6,0.4704614732886993,0.2501246081765116,
s1025,7,0.8489952638969323,0.8101988854511408,
s1025,8,0.6240686966637362,0.4823492965780402,
s1026,1,0.0037854889589905,0.0,
s1026,2,0.0,0.0,
s1026,3,0.0630230916607845,0.0485223087884227,
s1026,4,0.0,0.0,
s1062,1,0.0558090558090558,0.0395685596805911,
s1062,2,0.0026963262554769,0.0033840947546531,
s1062,3,0.0,0.0,
s1062,4,0.0477137176938369,0.0545229244114002,
s1062,5,0.0,0.0,
s1062,6,0.148471615720524,0.0765864332603938,
s1062,7,0.8083999614680667,0.7472599885651159,
s1077,1,0.0,0.0,
s1077,2,0.0,0.0,
s1077,3,0.0423470799889288,0.0338772123893805,
s1077,4,0.0,0.0,
s1077,5,0.0423654015887025,0.0230733733271804,
s1077,6,0.0,0.0,
s1094,1,0.001289266853445,0.0012341283968197,
s1094,2,0.0,0.0,
s1094,3,0.0016207455429497,0.0016325049882096,
s1142,1,0.0,0.0,
s1142,2,0.033556250247319,0.0325184764070494,
s1142,3,0.0145439141485456,0.0202305051495831,
s1142,4,0.0,0.0,
s1142,5,0.0,0.0,
s1142,6,0.0027800945232137,0.0026212319790301,
s1142,7,0.9130235054617196,0.8357714352608522,
s1208,1,0.0,0.0,
s1208,2,0.0278570613083685,0.0506627393225331,
s1208,3,0.0690768237572627,0.0698997001344225,
s1208,4,0.0,0.0,
s1226,1,0.0,0.0,
s1226,2,0.2878470847706837,0.2733305682289506,
s1226,3,0.0364928909952606,0.1386562110140795,
s1226,4,0.000221979102253,0.0001791352247027,
s1226,5,0.0346716777386655,0.0619446814918929,
s1292,1,0.0,0.0,
s1292,2,0.0,0.0,
s1292,3,0.7413303490242709,0.6604112386451658,
s1292,4,0.7096864038714282,0.693708954084112,
s1334,1,0.0,0.0,
s1334,2,0.270240227258692,0.2701188903566711,
s1334,3,0.0064870259481037,0.0265286315108379,
s1334,4,0.0290459051588053,0.1103915394213059,
s1334,5,0.0,0.0,
s1334,6,0.0692419401684577,0.080389170065353,
s1344,1,0.6471691265424631,0.6394058540847531,
s1344,2,0.0222612770943175,0.080294412847106,
s1344,3,0.0011904761904761,0.0089050799433313,
s1344,4,0.0,0.0,
s1349,1,0.0,0.0,
s1349,2,0.0,0.0,
s1349,3,0.0,0.0,
s1357,1,0.1279152400025841,0.0185249307479224,
s1359,1,0.0,0.0,
s1369,1,0.0,0.0,
s1369,2,0.0,0.0,
s1371,1,0.0,0.0,
s1371,2,0.0,0.0,
s1371,3,0.1456615626226933,0.2342991820324414,
s1378,1,0.5459685446944057,0.5385637258732515,
s1378,2,0.0,0.0,
s1380,1,0.0,0.0,
s1380,2,0.0,0.0,
s1380,3,0.0,0.0,
s1384,1,0.6119730971565559,0.5721009356393536,
s1384,2,0.6481553904314953,0.585878962536023,
s1384,3,0.0,0.0,
s1384,4,0.0,0.0,
s1384,5,0.0010596026490066,0.0015097188148707,
s1384,6,0.0,0.0,
s1384,7,0.0,0.0,
s1388,1,0.0,0.0,
s1397,1,0.0,0.0,
s1397,2,0.0,0.0,
s1397,3,0.2375745526838966,0.1905105538517048,
s1397,4,0.0,0.0,
s1397,5,0.0018115942028985,0.0002762049440684,
s1397,6,0.0,0.0,
s1397,7,0.0764104842292314,0.1458471446159674,
s1399,1,0.1159420289855072,0.0710190810302045,
